id,register_id/id,guardian_relation,student_id,roll_no,section,name,name_b,father_name,father_name_b,guardian_name,mother_name,mother_name_b,date_of_birth,student_category,street,street2,city,father_mobile,per_street,per_street2,per_city,is_same_address,religion_id/id,guardian_NID,father_NID,mother_NID
,__export__.education_admission_register_1,Father,7334,1,C,ABDULLAH AL MAFY,আবদুল্লাহ আল মাফি,MD. ABDUR RASHID SHEIKH,মোঃ আব্দুর রশীদ শেখ,MD. ABDUR RASHID SHEIKH,MORJINA BEGUM,মরজিনা বেগম,2011-06-12,Internal,"HOUSE NO-52/21, MIDDLE PAIKPARA",MIRPUR,DHAKA,1914868185,PATKIA BARI GIKMOLA,BALIA KANDI,RAJBARI,FALSE,,1CG00001,1CF00001,1CM00001
,__export__.education_admission_register_1,Father,7278,2,C,RAZIN AHMED,রাজিন আহমেদ,MD. ABDUL HALIM,মোঃ আবদুল হালীম,MD. ABDUL HALIM,MOLUDA KHATUN,মোলুদা খাতুন,2011-11-14,Internal,"333/1-A, AHMED NAGAR PAIKPARA",MIRPUR,DHAKA,1818095700,NAGGATI TAMAI,BELKUCHI,SIRAJ GONJ,FALSE,,1CG00002,1CF00002,1CM00002
,__export__.education_admission_register_1,Father,7292,3,C,RUDRA NIL SIKDER,রূদ্র নিল সিকদার,JAYANTA SIKDER,জয়ন্ত শিকদার,JAYANTA SIKDER,SHAMPA RANI BISWAS,শম্পা রানী বিশ্বাস,2012-02-07,Internal,"18, MIDDLE PAIKPARA",MIRPUR,DHAKA,191781114,MONOHORDIA JAHAPUR,MADHUKHALI,FARID PUR,FALSE,,1CG00003,1CF00003,1CM00003
,__export__.education_admission_register_1,Father,7293,4,C,TASNIM ALAM SHARA,তাসনিম আলম শারা,SOHIDUL ALAM,সাহিদুল আলম,SOHIDUL ALAM,SHEIKH LOVELY AKHTER,শেখ লাভলী আখতার,2011-10-17,Internal,"B-4/2, DHAKA SHIKSHA BOARD STAFF QUERTER",MIRPUR,DHAKA,1731253333,TUNGIPARA DO,GOPAL GONJ,DO,FALSE,,1CG00004,1CF00004,1CM00004
,__export__.education_admission_register_1,Father,7298,5,C,ARONJIT BARMAN,অরনজিত বর্মন,INDRAJIT BARMAN,ইন্দ্রজিত বর্মন,INDRAJIT BARMAN,SHAMPA BARMAN,শম্পা বর্মন,2011-10-04,Internal,"2/7-B -2/A, TOLER BAG WATER TANK",MIRPUR,DHAKA,197744477,DUMURIA GORASHAL,MURAD NAGAR,COMILLA,FALSE,,1CG00005,1CF00005,1CM00005
,__export__.education_admission_register_1,Father,7348,6,C,MD. SAJIDUL ISLAM RAFI,মোঃ সজীব ইসলাম রাফি,MD. YOUSUF ALI,মোঃ ইফসুফ আলী,MD. YOUSUF ALI,SALENA BEGUM,সেলিনা বেগম,2010-02-01,Internal,"24/15, GOVT. STAFF QUERTER",MIRPUR,DHAKA,1817502015,KANDAL MIDDLE PARA SONDAIL,LANGOL COAT,COMILLA,FALSE,,1CG00006,1CF00006,1CM00006
,__export__.education_admission_register_1,Father,7266,7,C,MD. SAFIN SARKER,মোঃ সাফিন সরকার,MD. RAFIQUL ISLAM SARKER,মোঃ রফিকুল ইসলাম সরকার,MD. RAFIQUL ISLAM SARKER,MOST. AYESHA SIDDIKA,মোসাঃ আয়েশা সিদ্দিকা,2011-12-30,Internal,"D-3, MOMOTA BHABAN, SOUTH BISHIL, ROAD-11",MIRPUR,DHAKA,19156992119,GARAMASHI CHANDON GATI,BELKUCHI,SIRAJ GONJ,FALSE,,1CG00007,1CF00007,1CM00007
,__export__.education_admission_register_1,Father,7296,8,C,JANNATUL FIRDAUS,জনাতুল ফিরদাউস,MD. JANE ALAM,মোঃ জানে আলম,MD. JANE ALAM,J. AM UMME ASMA,জে এম উম্মে আসমা,2011-12-03,Internal,"69/9, ANSWER CAMP WAK-UP COLONI",MIRPUR,DHAKA,1716867025,KATAKSTOL DO,GOWRNODI,BARISAL,FALSE,,1CG00008,1CF00008,1CM00008
,__export__.education_admission_register_1,Father,7295,9,C,SOWSAN AL SHAHARA,সসান আল শাহরা,MD. ILTUTMISH,মোঃ ইলতুৎমিশ,MD. ILTUTMISH,RUMANA FERDOUSE,রুমানা ফেরদৌস,2011-12-21,Internal,"85/4, C-TYPE GOVT COLONI, TOLER BAG WATER TANK",MIRPUR,DHAKA,1712424986,NARAON KANDI MODEL ANDULIA,HORINA KUNDO,JENIDAH,FALSE,,1CG00009,1CF00009,1CM00009
,__export__.education_admission_register_1,Father,7354,10,C,HUMAYRA AKTER ARONI,হুমায়ারা আক্তার অরনি,MD. BABLU MIA,মোঃ বাবলু মিয়া,MD. BABLU MIA,RUMA AKTER,রুমা আক্তার,2011-07-08,Internal,"HOUSE NO-17, ROAD NO-6, BLOCK-D, SEC-1",MIRPUR,DHAKA,1746068636,SHAH MOLLIKDI PREER CHAR,BHANGA,FARID PUR,FALSE,,1CG00010,1CF00010,1CM00010
,__export__.education_admission_register_1,Father,7301,11,C,RABEYA SULTANA,রবিয়া সুলতানা,MD. AHSHAN HABIB,মোঃ আহ্সান হাবীব,MD. AHSHAN HABIB,SHAELA SULTANA,শায়লা সুলতানা,2011-12-29,Internal,"42/9, GOVT QUERTER WAK-UP COLONI, ANSWER CAMP",MIRPUR,DHAKA,1552369560,KALIPUR KALIPUR BAZER,MOTLOB,CHAND PUR,FALSE,,1CG00011,1CF00011,1CM00011
,__export__.education_admission_register_1,Father,7439,12,C,TASNIM TAMANA,তাসনিম তামানা,MOHAMMAD SHAZZADUR RAHMAN,মোহাম্মদ শাজ্জাদুর রহমান,MOHAMMAD SHAZZADUR RAHMAN,SALMA AKTER,সালমা আক্তার,2011-10-09,Internal,"B-5/6, DHAKA SHIKSHA BOARD STAFF QUERTER",MIRPUR,DHAKA,1914736442,"301/1/A, AHMED NAGAR MIRPUR",DO,DHAKA,FALSE,,1CG00012,1CF00012,1CM00012
,__export__.education_admission_register_1,Father,7242,13,C,SARIA TASNIM,সারিয়া তাসনিম,MUHAMMAD KAMAL HOSSAIN MOJUMDER,মোহাাম্মদ কামাল হোসেন মজুমদার,MUHAMMAD KAMAL HOSSAIN MOJUMDER,JANNATUL FERDAOUS,জান্নাতুল ফেরদৌস,2011-11-22,Internal,"B-7/6, DHAKA SHIKSHA BOARD STAFF QUERTER",MIRPUR,DHAKA,1812684146,GOSAIPUR FULLGAZI,DO,FENI,FALSE,,1CG00013,1CF00013,1CM00013
,__export__.education_admission_register_1,Father,7287,14,C,MD. ABU TAIM,মোঃ আবু তাইম,MD. ABDUL GAFFAR,মোঃ আবদুল গাফফার,MD. ABDUL GAFFAR,SHARMIN AKTER,শারমিন আক্তার,2010-11-30,Internal,DHAKA SHIKSHA BOARD LABORATORY SCHOOL AND COLLEGE,MIRPUR,DHAKA,1776290348,TALIBABAD BATILA,MANIKGONJ,DO,FALSE,,1CG00014,1CF00014,1CM00014
,__export__.education_admission_register_1,Father,7235,15,C,BUSHRA ZAKARIA,বুশরা জাকারিয়া,S.M.ZAKARIA AHMED,এসএম জাকারিয়া আহমেদ,S.M.ZAKARIA AHMED,KHADIZA SULTANA,খাদিজা সুলতানা,2012-01-06,Internal,"B-11/9, DHAKA SHIKSHA BOARD STAF QUERTER",MIRPUR,DHAKA,1717143145,DO MIRPUR,DO,DHAKA,FALSE,,1CG00015,1CF00015,1CM00015
,__export__.education_admission_register_1,Father,7346,16,C,SHIRAJUM MONIRA AUTHOI,সিরাজুম মনিরা অথৈ,MD. RABIUL ALAM BHUIYAN,মোঃ রবিউল আলম ভূইয়া,MD. RABIUL ALAM BHUIYAN,UMMAY SOLAEM,উম্মে সোলায়েম,2011-12-30,Internal,"FLAT NO-A-1, 186 SOUTH BISHIL",MIRPUR,DHAKA,1913999797,RAHMOT GONJ-1 NO GOLI SIRAJ GONJ,DO,DO,FALSE,,1CG00016,1CF00016,1CM00016
,__export__.education_admission_register_1,Father,7317,17,C,MD. SHAHRIAR MAHFUZ,মোঃ শাহরিয়ার মাহফুজ,MD. ABDULLAH AL KAFI,মোঃ আবদুল্লাহ আল কাফি,MD. ABDULLAH AL KAFI,MOST. SUMIYA SHOHALY,মোসাঃ সুমাইয়া সোহেলী,2011-12-30,Internal,"HOUSE NO-16/2, COMITISONER ROAD, KALLAN PUR",MIRPUR,DHAKA,1913934353,DASHSHIKA BOWDDO JAM TOWL,KAMAR KHANDA,SIRAJGONJ,FALSE,,1CG00017,1CF00017,1CM00017
,__export__.education_admission_register_1,Father,7285,18,C,ABU SAIF,আবু সাইফ,MD. BODUL ALAM,মোঃ বদুল আলম,MD. BODUL ALAM,SULTANA RAZIA,সুলতানা রাজিয়া,2011-12-02,Internal,"106/5, PAIKPARA STAFF QUERTER",MIRPUR,DHAKA,1552433277,TILLIR CHAR TILLI,SATURIA,MANIKGONJ,FALSE,,1CG00018,1CF00018,1CM00018
,__export__.education_admission_register_1,Father,7329,19,C,MD. ZAHIDUL ISLAM,মোঃ জাহিদুল ইসলাম,MD. MOSHAROF HOSSAIN,মোঃ মোশারফ হোসেন,MD. MOSHAROF HOSSAIN,ZANNATUL FERDOUS,জান্নাতুল ফেরদৌস,2011-12-04,Internal,"53/11, WAK-UP COLONI PAIK PARA STAFF QUERTER",MIRPUR,DHAKA,1868360433,BISHARA DEBKORA,SHAHRASTI,CHAND PUR,FALSE,,1CG00019,1CF00019,1CM00019
,__export__.education_admission_register_1,Father,7250,20,C,SABIR RIASHAD BASUNIA,সাবির রিয়াসাদ বসুনিয়া,MD. HASANUR RAHMAN BASUNIA,মোঃ হাসানুর রহমান বসুনিয়া,MD. HASANUR RAHMAN BASUNIA,MASUMA AKTER,মাসুম আক্তার,2011-12-16,Internal,"20/18-A, TOLER BAG",MIRPUR,DHAKA,1716404310,JAMGRAM BAWRA,PATGRAM,LALMONIR HUT,FALSE,,1CG00020,1CF00020,1CM00020
,__export__.education_admission_register_1,Father,7440,21,C,JANNATUL FERDOUS,জান্নাতুল ফেরদৌস,MOHAMMAD SHAZZADUR RAHMAN,মোহাম্মদ শাজ্জাদুর রহমান,MOHAMMAD SHAZZADUR RAHMAN,SALMA AKTER,সালমা আক্তার,2011-10-09,Internal,"B-5/6, DHAKA SHIKSHA BOARD STAFF QUERTER",MIRPUR,DHAKA,1914736442,"301/1/A, AHMED NAGAR MIRPUR",DO,DHAKA,FALSE,,1CG00021,1CF00021,1CM00021
,__export__.education_admission_register_1,Father,7299,22,C,TANJILA BINTE BASHAR,তানজিলা বিনতে বাশার,MD. ABUL BASHAR,মোঃ আবুল বাশার,MD. ABUL BASHAR,JANNAT BEGUM,জান্নাত বেগম,2011-12-20,Internal,"31/27, MIDDLE PAIKPARA",MIRPUR,DHAKA,1828136919,ASLAM PUR DO,CHARFASHON,VHOLA,FALSE,,1CG00022,1CF00022,1CM00022
,__export__.education_admission_register_1,Father,7342,23,C,TASFIA MORSHED,তাসফিয়া মোর্শেদ,MORTOJA MORSHED,মোর্তজা মোরশেদ,MORTOJA MORSHED,PARVIN SULTANA,পারভিন সুলতানা,2011-09-17,Internal,"160/1/B/1, MIDDLE PAIKPARA",MIRPUR,DHAKA,1713109105,DO MIRPUR,DO,DHAKA,FALSE,,1CG00023,1CF00023,1CM00023
,__export__.education_admission_register_1,Father,7280,24,C,MD. MEHETAB HOSSAIN,মোঃ মেহেতাব হোসেন,MOHAMMAD KAMAL HOSSAIN,মোহাম্মদ কামাল হোসেন,MOHAMMAD KAMAL HOSSAIN,MST. HOSNEARA AKTER,মোসাঃ হোসনেয়ারা আক্তার,2011-05-06,Internal,"HOUSE NO-11/3G, ROAD NO-12, KALLAN PUR",MIRPUR,DHAKA,1716788064,PAIRA DARORA BAZER,MURAD NAGAR,COMILA,FALSE,,1CG00024,1CF00024,1CM00024
,__export__.education_admission_register_1,Father,7267,25,C,ADIL AHNAF SHOWCCHO,আদিল আহনাফ স্বচ্ছ,MD. GOLAM MOSTOFA,মোঃ গোলাম মোস্তফা,MD. GOLAM MOSTOFA,BILKIS KHANAM,বিলকিস খানম,2011-11-27,Internal,"149/2, SOUTH BISHIL",MIRPUR,DHAKA,1234567890,HORTOKI BARIA SOTO BIGAI,PATUAKHALI,DO,FALSE,,1CG00025,1CF00025,1CM00025
,__export__.education_admission_register_1,Father,7290,26,C,ANTOR SAMADDER ANTU,অন্তর সমদ্দার আন্তু,ASHIM SAMADDER,অশিম সমাদ্দার,ASHIM SAMADDER,NUPUR DAS,নুপুর দাস,2011-05-19,Internal,"C-5/8, DHAKA SHIKSHA BOARD STAFF QUERTER",MIRPUR,DHAKA,1919829927,MACHER TARA DO,KOTALI PARA,GOPAL GONJ,FALSE,,1CG00026,1CF00026,1CM00026
,__export__.education_admission_register_1,Father,7241,27,C,H.M. SHAHAJADA BUKHARI,এইচ.এম. শাহজাদা বুখারী,MD. SHAH ALAM,মোঃ শাহ আলম,MD. SHAH ALAM,SADIA AFRIN SONIA,সাদিয়া আফরিন সোনিয়া,2011-07-27,Internal,"B-5/7, DHAKA SHIKSHA BOARD STAFF QUERTER",MIRPUR,DHAKA,1712492889,SOUTH BAROWARA CHACHOR,JALOKATI,DO,FALSE,,1CG00027,1CF00027,1CM00027
,__export__.education_admission_register_1,Father,7336,28,C,MOSSAMMAD SAMIA AKTER ANONNA,মোসাম্মাদ সামিয়া আক্তার আনোন্না,MD. SHAMSUL HOQUE,মোঃ শামসুল হক,MD. SHAMSUL HOQUE,KALPONA BEGUM,কল্পনা বেগম,2011-10-13,Internal,"23/7, SHAH ALI BAG SALIM UDDIN MARKET",MIRPUR,DHAKA,1914430620,DO MIRPUR,DO,DHAKA,FALSE,,1CG00028,1CF00028,1CM00028
,__export__.education_admission_register_1,Father,7249,29,C,TANVEER RAYYAN,তানভীর রায়ান,MD. SHARIFUR RAHMAN,মোঃ শরীফুর রহমান,MD. SHARIFUR RAHMAN,HAFIZA NASRIN,হাফিজা নাসরিন,2011-12-07,Internal,"258, AHMED NAGAR PAIKPARA",MIRPUR,DHAKA,1717309636,BALIRDIAR MORICHA,DOWLAT PUR,KUSTIA,FALSE,,1CG00029,1CF00029,1CM00029
,__export__.education_admission_register_1,Father,7265,30,C,NUSRAT ALAM JUI,নুসরাত আলম জুই,JAHANGIR ALAM,জাহাঙ্গীর আলম,JAHANGIR ALAM,MINU ALTER DIPA,মিনু আলতার দীপা,2011-03-07,Internal,"22/11, TOLER BAG",MIRPUR,DHAKA,1622439529,DO B.D. SHARIF,DARUS SALAM,DHAKA,FALSE,,1CG00030,1CF00030,1CM00030
,__export__.education_admission_register_1,Father,7243,31,C,PALOL BORNO,পলল বর্ণ,RAFIQUL ISLAM MOLLA,রফিকুল ইসলাম মোল্লা,RAFIQUL ISLAM MOLLA,NILUFA AKTER,নীলুফা আক্তার,2011-12-14,Internal,"B-1/7, DHAKA SHIKSHA BOARD STAFF QUERTER",MIRPUR,DHAKA,1718232313,BATIKA MARI DO,MUKSUD PUR,GOPALGONJ,FALSE,,1CG00031,1CF00031,1CM00031
,__export__.education_admission_register_1,Father,7294,32,C,MD. SAAD JUBAYER SAKID,মোঃ সাদ জুবাযয়ের সাকিদ,MD. GOLAM MOSTAFA,মোঃ গোলাম মোস্তফা,MD. GOLAM MOSTAFA,MST. ROMANA HAQ RUMI,মোসাঃ রোমানা হক রুমি,2011-06-08,Internal,"14/8, GOVT. D TYPE STAFF QUARTER, PAIKPARA",MIRPUR,DHAKA,1727448567,BALITITA ISLAM PUR LALPUR,DO,NATORE,FALSE,,1CG00032,1CF00032,1CM00032
,__export__.education_admission_register_1,Father,7275,33,C,MST. NABILA TABASSUM TAMANNA,মোসাঃ নাবিলা তাবাসসুম তামান্না,JOBAYED BEPARI,জোবাইদ বেপারী,JOBAYED BEPARI,SURAIYA,সুরাইয়া,2011-09-10,Internal,"21/2/B, NORTH TOLER BAGH",MIRPUR,DHAKA,1234567890,DIAPARA K. ALGI,MADARIPUR,DO,FALSE,,1CG00033,1CF00033,1CM00033
,__export__.education_admission_register_1,Father,7304,34,C,AFIA FAHMIDA BINTAY AZHAR,আফিয়া ফাহমিদা বিনতে আজহার,MD. AZHARUL ISLAM,মোঃ আজহারুল ইসলাম,MD. AZHARUL ISLAM,ROKSANA AKTER RUBI,রোকসানা আক্তার রুবি,2011-10-21,Internal,"125/2, ROAD NO-10, SOUTH BISHIL",MIRPUR,DHAKA,1234567890,SOUTH KISHMAT JALLA ISLAM PUR,DO,JAMAL PUR,FALSE,,1CG00034,1CF00034,1CM00034
,__export__.education_admission_register_1,Father,7245,35,C,RAKIBUR RAHMAN,রকিবুর রহমান,MD. TABIBUR RAHMAN,মোঃ তাবিবুর রহমান,MD. TABIBUR RAHMAN,AFROZA MARY,আফরোজা মেরী,2011-05-02,Internal,"KUSABARIA, MIRPUR, KUSTIA",MIRPUR, KUSTIA,1716615794,KUSHABARIA DO,MIRPUR,KUSTIA,FALSE,,1CG00035,1CF00035,1CM00035
,__export__.education_admission_register_1,Father,7239,36,C,ALIF HOSSAIN PRINCE,আলিফ হোসেন প্রিন্স,MOHAMMAD LOKMAN MUNSHI,মোহাম্মদ লোকমান মুন্সি,MOHAMMAD LOKMAN MUNSHI,MST. PANNA AKTER,মোসাঃ পান্না আক্তার,2010-11-12,Internal,"B-6/5, DHAKA SHIKSHA BOARD STAFF QUERTER",MIRPUR,DHAKA,1711662432,BAGADI CHUKONDI,SARIATPRU,DO,FALSE,,1CG00036,1CF00036,1CM00036
,__export__.education_admission_register_1,Father,7240,37,C,MD. ASADULLAH,মোঃ আসাদুল্লাহ,KAMRUZZAMAN,কামরুজ্জামান,KAMRUZZAMAN,LIPY BEGUM,লিপি বেগম,2012-01-01,Internal,DHAKA SHIKSHA BOARD STAFF QUERTER,MIRPUR,DHAKA,1715714110,ASTAKATI PACHGOAN,SADAR,BARISAL,FALSE,,1CG00037,1CF00037,1CM00037
,__export__.education_admission_register_1,Father,7330,38,C,WARISHA TASNIM MALIHA,ওয়ারিশা তাসনিম মালিহা,MOHAMMAD MONIR UDDIN,মাহমুদ মনির উদ্দিন,MOHAMMAD MONIR UDDIN,SALMA AKTER,সালমা আক্তার,2011-05-15,Internal,"HOUSE NO-123/F, ROAD NO-10, SOUTH BISHIL",MIRPUR,DHAKA,1917306869,MUSAPUR OSMANIA,SANDIP,CHITAGONG,FALSE,,1CG00038,1CF00038,1CM00038
,__export__.education_admission_register_1,Father,7537,39,C,MD. ABRAR JAHIN SHOHAN,মোঃ আবরার জাহান শোহান,MD. JOYNAL ABEDIN,মোঃ জয়নুল আবেদিন,MD. JOYNAL ABEDIN,MST. SALMA AKTER MITU,মোসাঃ সালমা আক্তার মিতু,2011-09-19,Internal,"48/6, SOUTH BISHIL",MIRPUR,DHAKA,1815562327,NORTH DIGOLDI BORODIA BAZER,MATLOB,CHAND PUR,FALSE,,1CG00039,1CF00039,1CM00039
,__export__.education_admission_register_1,Father,7544,40,C,MANSURA ALOM FARIHA,মানসুর আলম ফারিহা,MOHAMMAD SHA ALOM,মুহাম্মাদ শাহ আলম,MOHAMMAD SHA ALOM,AFSANA AKTER,আফসানা আক্তার,2011-10-27,Internal,"272/1-B, 1ST COLONI, MAZER ROAD, BATEN NAGAR",MIRPUR,DHAKA,1715755655,DO B.D. SHARIF,DARUS SALAM,DHAKA,FALSE,,1CG00040,1CF00040,1CM00040
,__export__.education_admission_register_1,Father,7255,41,C,MITHILA AKTER MARIAH,মিথিলা আকতার মারিয়া,MD. BOKTER HOSSAN,মোঃ বকতার হওসন,MD. BOKTER HOSSAN,HAPPY BEGUM,হ্যাপি বেগম,2011-05-18,Internal,"16/C/1, TOLER BAG",MIRPUR,DHAKA,1234567890,SUNDARDI TORKI,GOWRNODI,BARISAL,FALSE,,1CG00041,1CF00041,1CM00041
,__export__.education_admission_register_1,Father,7559,42,C,JAIMA RAHMAN,জাইমা রহমান,ZIAUR RAHMAN,জিয়াউর রহমান,ZIAUR RAHMAN,SUMAYA AKTER,সুমাইয়া আক্তার,2010-09-03,Internal,"HOUSE NO-328, AHMED NAGAR, PAIKPARA",MIRPUR,DHAKA,1718165779,DO MIRPUR,DO,DHAKA,FALSE,,1CG00042,1CF00042,1CM00042
,__export__.education_admission_register_1,Father,7571,43,C,MD. NAHIN MUNKAR RAHIB,মোঃ নাহিন মুনকার রাহিব,MD. AHSANUL HAQUE,মোঃ আহছানুল হক,MD. AHSANUL HAQUE,JOHRA AKTER,জোহরা আক্তার,2011-11-20,Internal,"3/3/SOUTH BISHIL, ROAD-11",MIRPUR,DHAKA,1672089441,"181 SOUTH BISHIL, ROAD-6, B.D. SHARIF",SHAH ALI,DHAKA,FALSE,,1CG00043,1CF00043,1CM00043
,__export__.education_admission_register_1,Father,7576,44,C,RAFIFA JANNAT MUMU,রাফিয়া জান্নাত মুমু,MD. MAFIZUR RAHMAN,মোঃ মফিজুর রহমান,MD. MAFIZUR RAHMAN,NASRIN AKTER,নাসরিন আক্তার,2011-08-18,Internal,"81/6, MIDDLE PAIKPARA, ANSWER CAMP",MIRPUR,DHAKA,1818608817,BASU DUHITA BOROI TALA,LAXMIPUR SADAR,LAXMIPUR,FALSE,,1CG00044,1CF00044,1CM00044
