id,register_id/id,guardian_relation,student_id,roll_no,section,gender,name,name_b,father_name,father_name_b,guardian_name,mother_name,mother_name_b,date_of_birth,student_category,street,street2,city,father_mobile,per_street,per_street2,per_city,is_same_address,religion_id/id,guardian_NID,father_NID,mother_NID
,__export__.education_admission_register_5,Father,6499,1,B,Female,SUMYTA JANNAT MOYEN,সুমাইতা জান্নাত মঈন,MOHAMMAD MOYENUR BASIT KHAN,মোহাম্মদ মঈনউর বাসিত খান,MOHAMMAD MOYENUR BASIT KHAN,MST. TANZINA KHANOM,মোছা: তানজিনা খানম,2007-05-20,External,"163/2-A, MIDDLE PAIKPARA",MIRPUR,DHAKA,1724021639,PIARA PUR GAIBANDA,DO,DO,FALSE,,3.21242E+12,3.21242E+12,3.21242E+12
,__export__.education_admission_register_5,Father,5518,2,B,Female,FAHMIDA AKTER JUI,ফাহমিদা আক্তার জুঁই,MD. KAZIM UDDIN,মোঃ কাজিম উদ্দিন,MD. KAZIM UDDIN,FATEMA KHATUN,ফাতেমা খাতুন,2008-03-01,External,"367/2/1, AHMED NAGAR PAIKPARA",MIRPUR,DHAKA,123456789,CHAR SOLAKIYA KISHOR GONJ,DO,DO,FALSE,,4.8249E+12,4.8249E+12,4.8249E+12
,__export__.education_admission_register_5,Father,5550,3,B,Female,MAYSHA ZAMAN MAHI,মায়শা জামান মাহি,DR. MONIRUZZAMAN,ডাঃ. মনিরুজ্জামান,DR. MONIRUZZAMAN,FARHANA AFROZE,ফারহানা আফরোজ,2007-11-30,Internal,"9/4, TOLER BAGH",MIRPUR,DHAKA,1741622442,DO B.D. SARIF,DARUS SALAM,DHAKA,FALSE,,F1938629282,F1938629282,1938629282
,__export__.education_admission_register_5,Father,5456,4,B,Female,RUBIYA RAHTIN RASHNI,রুবাইয়া রাকতিন রোশনি,MD. RABIUL ALAM,মোঃ রবিউল আলম,MD. RABIUL ALAM,MST. AINUN NAHAR,মোছা: আইনুন নাহার,2007-12-24,External,"187/1, RAJANI GANDA LANE, MIDDLE PAIKPARA",MIRPUR,DHAKA,1711284389,SREE POTI PUR MAHIMA GONJ,GOBINDA GANJ,GAIBANDA,FALSE,,4606122663,4606122663,7307765292
,__export__.education_admission_register_5,Father,5551,5,B,Female,ANIKA TABASSUM PROVA,আনিকা তাবাসসুম প্রভা,MD. ABDUL GONI,মোঃ আবদুল গনি,MD. ABDUL GONI,ROXANA AKTER,রোকসানা আক্তার,2007-07-27,External,"10/2, TOLER BAGH",MIRPUR,DHAKA,123456789,RUP PUR PAKSHI,ISSORDI,PAVBA,FALSE,,2.69481E+12,2.69481E+12,2.69481E+12
,__export__.education_admission_register_5,Father,5489,6,B,Female,MASKURA RAHMAN TONNY,মাশকুরাহ রহমান তন্নি,MD. MAHBUBUR RAHMAN BATEN,মোঃ আব্দুল বাতেন,MD. MAHBUBUR RAHMAN BATEN,MAKSUDA AKTER,মকসুদা আক্তার,2008-02-22,External,"5/5A, SOUTH BISHIL, ROAD NO -11",MIRPUR,DHAKA,1924747570,TALAT SATIA,PABNA,DO,FALSE,,7756427998,7756427998,8206162227
,__export__.education_admission_register_5,Father,5450,7,B,Female,FABIHA TASNIM MYSHA,ফাবিহা তাসনিম মাইশা,MD. FAZLUR RAHMAN,মোঃ ফজলুর রহমান,MD. FAZLUR RAHMAN,REHANA PARVIN,রেহানা পারভীন,2008-02-21,External,"37/10, PAIKPARA STAFF QUERTER",MIRPUR,DHAKA,1716559967,KADPUR CHANDU DIA,KALAROA,SHATKHIRA,FALSE,,7306160313,7306160313,4606154773
,__export__.education_admission_register_5,Father,5999,8,B,Female,NUSRAT JAHAN BADHON,নুসরাত জাহান বাঁধন,MD. BABUL HOSSAIN,মোঃ বাবুল হোসেন,MD. BABUL HOSSAIN,LUTFUN NAHAR,লুৎফুন্নাহার লতা,2008-09-15,External,"17/2/2, TOLER BAGH",MIRPUR,DHAKA,1711359283,SHIB PASHA SOMLA,EARPORT,BARISAL,FALSE,,2806169161,2806169161,2.69481E+12
,__export__.education_admission_register_5,Father,6059,9,B,Female,NUR JAHAN SHATHI,নূরজাহান সাথী,MD. ABUL BASHAR,মোঃ আবুল বাসার,MD. ABUL BASHAR,JOYNAB BEGUM,জয়নব বেগম,2008-05-25,External,"19/1-E, TOLER BAGH",MIRPUR,DHAKA,1720060090,RATON PUR RAMGONJ,DO,LAXMIPUR,FALSE,,5.11657E+12,5.11657E+12,5.1265E+12
,__export__.education_admission_register_5,Father,5543,10,B,Female,NUSRAT JAHAN MAISHA,নুসরাত জাহান মায়িশা,MD. ABDULLAH BABUL,মোঃ আব্দুল্লাহ বাবুল,MD. ABDULLAH BABUL,JANNATUL AFROGE,জান্নাতুল আফরোজ,2006-03-29,External,"334/1, AHMED NAGAR PAIKPARA",MIRPUR,DHAKA,1912144092,DO MIRPUR,DO,DHAKA,FALSE,,2.69481E+12,2.69481E+12,2.69481E+12
,__export__.education_admission_register_5,Father,5538,11,B,Female,ZARA ISLAM,জারা ইসলাম,MD. NAZRUL ISLAM,নজরুল ইসলাম,MD. NAZRUL ISLAM,SONIA ISLAM,সোনিয়া ইসলাম,2006-04-03,External,"240/1, FLATT NO- 303, HIGHPARION JINIA-2, AHMED NA",MIRPUR,DHAKA,1681428628,32 NO NANDANPUR ALIARA,KUCHUYA,CHANDPUR,FALSE,,1.31589E+12,1.31589E+12,2358899405
,__export__.education_admission_register_5,Father,5546,12,B,Female,RUBAMA JANNAT,রুবামা জান্নাত,MD. NABIR SARKAR,মোঃ নবির সরকার,MD. NABIR SARKAR,LAILA PARVIN,লায়লা পারভীন,2008-11-19,Internal,"119/1, AHMED NAGAR PAIKPARA",MIRPUR,DHAKA,1777686718,KURINAL SHAMGRAM,NOBINAGAR,B. BARIA,FALSE,,F9108989584,F9108989584,9108989584
,__export__.education_admission_register_5,Father,5545,13,B,Female,EASRAT JAHAN ASFI,ইসরাত জাহান আছফি,M.M. KAIMUL ISLAM ,ম.ম. কাইমুল ইসলাম,M.M. KAIMUL ISLAM ,MST. LINA PARVIN,মোসা: লিনা পারভীন,2008-12-25,External,"113/2, STAFF QUARTER, PAIKPARA",MIRPUR,DHAKA,1727314417,GAGA KOWTA COAL,LOHAGARA,NORAIL,FALSE,,1.97027E+16,1.97027E+16,6.51524E+12
,__export__.education_admission_register_5,Father,5510,14,B,Female,SAMEEHA TAHSIN HRIDI,সামিহা তাহসিন হৃদি,MD. HALAL HOSSAIN,মোঃ হেলাল হোসেন,MD. HALAL HOSSAIN,SHAMIM ARA,শামীম আরা,2008-10-12,External,"HOUSE NO-123/C, ROAD NO- 10, SOUTH BISHIL",MIRPUR,DHAKA,1727730774,RAZZAK PUR DO,CHATKHIL,NOHAKHALI,FALSE,,7.51102E+12,7.51102E+12,7.51102E+12
,__export__.education_admission_register_5,Father,5514,15,B,Female,FARIHA JABIN ATHAY,ফারিহা জাবীন অথৈ,MD. JAKIR HOSSAIN,মোঃ জাকির হোসেন,MD. JAKIR HOSSAIN,MOST. FATEMA KHANOM,মোসা: ফাতিমা খানম,2009-08-09,External,"25/8/1, SHAH ALI BAGH",MIRPUR,DHAKA,1718229376,TARA MIRA OTORA,UJIRPUR,BARISAL,FALSE,,1.97706E+16,1.97706E+16,2.69481E+12
,__export__.education_admission_register_5,Father,5465,16,B,Female,TANJILA AKTER TARIN,তানজিলা আকতার তারিন,MD. SHAHIDUL HAQUE KHAN,মোঃ শহীদুল হক খান,MD. SHAHIDUL HAQUE KHAN,NASRIN AKTER,নাসরিন আক্তার,2008-10-29,External,"93/7-A, PAIKPARA STAFF QUERTER",MIRPUR,DHAKA,1715259795,SUGANDIA DO,SADAR,JALOKHATI,FALSE,,1.96727E+16,1.96727E+16,2.69481E+12
,__export__.education_admission_register_5,Father,5528,17,B,Female,MOST. ABIDA SULTANA MITU,মোছা: আবিদা সুলতানা মিতু,MD. AFZAL HOSSAIN,মোঃ আফজাল হোসেন,MD. AFZAL HOSSAIN,MOST.MABIA KHATUN MINA,মোছা: মাবিয়া খাতুন মিনা,2007-01-23,External,21/5/A JUHURA BAD,MIRPUR,DHAKA,123456789,NAGAR DO,BORAIGRAM,NATOR,FALSE,,5058412395,5058412395,1458410279
,__export__.education_admission_register_5,Father,5579,18,B,Female,NAHIYAN MUNTAHA ARIYA,নাহিয়ান মুনতাহা আরিয়া,A.K.M. MOMTAZUL HOQUE,এ.কে.এম. মমতাজুল হক,A.K.M. MOMTAZUL HOQUE,MOSAMMAT TANIA SIDDIKA,মোসাম্মত তানিয়া সিদ্দিকা,2007-05-20,External,"SNHA, HOUSE NO-119, PACHKANI",MIRPUR,DHAKA,1919985077,PACHKANI AMIN BAZER,SAVER,DHAKA,FALSE,,2.61725E+12,2.61725E+12,2390432900
,__export__.education_admission_register_5,Father,6497,19,B,Female,ORIN ISLAM,অরিন ইসলাম,MD. ARIFUL ISLAM,আরিফুল ইসলাম ,MD. ARIFUL ISLAM,SHEULY ISLAM,শিউলি ইসলাম,2008-04-22,External,"148/9/1, SHAH ALI GARDEN",MIRPUR,DHAKA,1715160520,KISHORI NAGAR DAULAT KHALI,DAULAT PUR,KUSHTIA,FALSE,,5101447067,5101447067,1908887779
,__export__.education_admission_register_5,Father,6511,20,B,Female,JANNATUL FERDAUS NIMME,ঁজান্নাতুল ফেরদাউস নিম্মি,JAHIR UDDIN MD. BABUR CHOWDHURY,জহির উদ্দিন মোঃ বাবর চৌধুরী,JAHIR UDDIN MD. BABUR CHOWDHURY,SHAHANA AKTAR,সাহানা আক্তার,2008-08-06,External,"80/2, MIDDLE PAIKPARA",MIRPUR,DHAKA,1816606580,DO MIRPUR,DO,DHAKA,FALSE,,1903849816,1903849816,5053764436
,__export__.education_admission_register_5,Father,5544,21,B,Female,SANJIDA JAHAN,সানজিদা জাহান,SHAHJAHAN KABIR,শাহাজাহান কবির,SHAHJAHAN KABIR,KHAYRUN NESA,খায়রুন নেছা,2006-12-18,External,10 NO BARDON BARI,MIRPUR,DHAKA,1732134061,NORTH JOYPUR ISLAM PUR,LAXMIPUR,DO,FALSE,,F'01732134061,G'01732134061,M'01732134061
,__export__.education_admission_register_5,Father,5555,22,B,Female,ADRITA TASMEEM,আদ্রিতা তাসমীম,MOSTAFA HAIDER -UL-HAQUE,মোস্তফা হায়দার-উল-হক,MOSTAFA HAIDER -UL-HAQUE,SULTANA PARVIN,সুলতানা পারভীন,2008-11-22,External,"2/7J, TOLER BAGH",MIRPUR,DHAKA,1718515123,GARDAH FULCOSA,SIRAJ GONJ,DO,FALSE,,6854617450,6854617450,2.69481E+12
,__export__.education_admission_register_5,Father,5508,23,B,Female,NUR-A- NAJNEN ADRITA,নূর-এ-নাজনীন আদ্রিতা,MD. LITON MIA,মোঃ লিটন মিঞা,MD. LITON MIA,PARUL KHANOM,পারুল খানম,2008-03-03,Internal,"1/D,2/18, KALOWALA PARA",MIRPUR,DHAKA,1914969918,DO MIRPUR,DO,DHAKA,FALSE,,2.69481E+12,2.69481E+12,4153692951
,__export__.education_admission_register_5,Father,5553,24,B,Female,SAYMA ISLAM SHUROVI,সায়মা ইসলাম সুরভী,MD. SIRAJUL ISLAM,মোঃ সিরাজুল ইসলাম,MD. SIRAJUL ISLAM,NAZMA ISLAM,নাজমা ইসলাম,2008-12-17,External,"287/1, AHMED NAGAR PAIKPARA",MIRPUR,DHAKA,1718471188,BEGUNTAL ANUHOLA,TANGAIL,DO,FALSE,,6857114174,6857114174,6857110925
,__export__.education_admission_register_5,Father,5455,25,B,Female,JAFRIN JAHAN,জাফরিন জাহান,MD. JAHANGIR ALAM,মোঃ জাহাঙ্গীর আলম,MD. JAHANGIR ALAM,QAZI SAIDA HOMAYERA SELINA AKTAR,কাজী সাঈদা হোমায়েরা সেলিনা আক্তার,2008-11-25,External,"17/6, KAZI KUTHIR, MIDDLE PAIKPARA",MIRPUR,DHAKA,1721563828,KABILPUR MUKTER PUR,CHOWGASA,JESHORE,FALSE,,2353727700,2353727700,7753716245
,__export__.education_admission_register_5,Father,5581,26,B,Female,SUMAIYA AZIZ ANANNA,সুমাইয়া আজিজ অনন্যা,MD. AZIZUR RAHMAN,মোঃ আজিজুর রহমান,MD. AZIZUR RAHMAN,ASMA AKTAR,আছমা আক্তার,2007-05-19,Internal,"138/5, C TIPE STAFF QUERTER",MIRPUR,DHAKA,1926180839,KARGOAN DO,KOTIADI,KISHORGONJ,FALSE,,4.81455E+12,4.81455E+12,9553129983
,__export__.education_admission_register_5,Father,5597,27,B,Female,MST. SAYADA AKTER DISHA,মোছা: সাইয়্যেদা আক্তার দিশা,MD. DELOWAR HOSSAIN,মোঃ দেলোয়ার হোসেন,MD. DELOWAR HOSSAIN,MOST. ZELEKHA BEGUM,মোছা: জেলেখা বেগম,2007-07-07,External,SHIKSHA BOARD STAFF QUERTER,MIRPUR,DHAKA,1737688679,POTIOARI DO,CHILMARI,KURIGRAM,FALSE,,1.97549E+16,1.97549E+16,4.91097E+12
,__export__.education_admission_register_5,Father,5563,28,B,Female,NABIHA TAHSIN,নাবিহা তাহ্সিন,B.M.FARUQUE,বি.এম.ফারুক,B.M.FARUQUE,ROHIMUN NESSA RUMA,রহিমুন নেসা রুমা,2008-02-01,External,"403/B. BILDING 2/8/G, ROAD -1,TOLER BAGH",MIRPUR,DHAKA,1715567042,BALIABIR DELEYER BAZER,CHAT KHIL,NOAKHALI,FALSE,,8204729464,8204729464,8654743460
,__export__.education_admission_register_5,Father,5478,29,B,Female,TASPIA SULTANA EVA,তাসপিয়া সুলতানা ইভা,MD. ABU YOUSUF,মোঃ আবু ইউসুফ,MD. ABU YOUSUF,SALMA AKTHER,সালমা আক্তার,2008-01-29,External,"358, AHMED NAGAR PAIKPARA",MIRPUR,DHAKA,123456789,ATCHIL NOBAB PUR BAZER,CHANDINA,COMILLA,FALSE,,1.91272E+12,1.91272E+12,1.91272E+12
,__export__.education_admission_register_5,Father,5494,30,B,Female,RAZIA BOSORI SULTANA RIYA,রাজিয়া বসরী রিয়া,MD. ABDUR RAZZAK,মোঃ আব্দুর রাজ্জাক,MD. ABDUR RAZZAK,JULAKHA BEGUM,জুলেখা বেগম,2005-06-11,External,"29/5, PAIKPARA STAFF QUERTER",MIRPUR,DHAKA,1912173141,ANDER PARA PORA,NALITA BARI,SHERPUR,FALSE,,1.96927E+16,1.96927E+16,2.69481E+12
,__export__.education_admission_register_5,Father,5564,31,B,Female,RITIKA RASHID TANHA,রিতিকা রশিদ তানহ্া,A.T.M HARUN  OR RASHID,এ.টি.এম. হারুন অর রশিদ,A.T.M HARUN  OR RASHID,MOST. ROZINA RASHID,মোসা: রোজিনা রশিদ,2008-09-06,External,"350/1-E, AHMED NAGAR PAIKPARA",MIRPUR,DHAKA,1916576988,UJAN CHAR NOWPARA CHAR PARA,ISSHOR GONJ,MYMONSING,FALSE,,4636880496,4636880496,1499476271
,__export__.education_admission_register_5,Father,6495,32,B,Female,TABIA JAHAN TONNA,তাবিয়া জাহান তন্না,MD. FARUK HOSSAIN,মোঃ ফারুক হোসেন,MD. FARUK HOSSAIN,RAHANA SULTANA,রেহানা সুলতানা,2006-10-19,External,"HOUSE NO-59, ROAD NO-9, SOUTH BISIL",MIRPUR,DHAKA,1552491315,DO B.D.SARIF,DARUS SALAM,DHAKA,FALSE,,3704932486,3704932486,5054919302
,__export__.education_admission_register_5,Father,5547,33,B,Female,ZOBAIDA HOSSAIN,জোবাইদা হোসেন,MD. ALOMGIR HOSSAIN,মোঃ আলমগীর হোসেন,MD. ALOMGIR HOSSAIN,AMINA KHATUN,আমিনা খাতুন,2007-08-11,External,"357/D/2, AHMED NAGAR PAIKPARA",MIRPUR,DHAKA,1711189873,DOWLAT PUR DO,BELKUCHI,SIRAJGONJ,FALSE,,2.69481E+12,2.69481E+12,2.69481E+12
,__export__.education_admission_register_5,Father,5586,34,B,Female,MST. RABITA ISLAM RICHI,মোসা: রাবিতা ইসলাম রিচি,MD. RAFIQUL ISLAM,মোঃ রফিকুল ইসলাম,MD. RAFIQUL ISLAM,MOST. DALIA YEASMIN,মোসা: ডালিয়া বেগম,2008-07-21,External,"55/3, AHMED NAGAR PAIKPARA",MIRPUR,DHAKA,123456789,MOHISHER CHAR MADARIPUR,DO,DO,FALSE,,2.69481E+12,2.69481E+12,5.41541E+12
,__export__.education_admission_register_5,Father,5533,35,B,Female,SHAMIHA HOSSAIN BABUNI,সামীহা হোসেন বাবুনী,MD. SHAED HOSSAIN DEWAN AZAD,মোঃ সাইদ হোসেন দেওয়ান আযাদ,MD. SHAED HOSSAIN DEWAN AZAD,SHAILA RIME,শায়লা রিমি,2007-11-08,External,"368/F, MIDDLE PAIKPARA",MIRPUR,DHAKA,1726367488,ISAPURA DO,SIRAJDIKHAN,MUNSHIGONJ,FALSE,,5972220445,5972220445,2374127286
,__export__.education_admission_register_5,Father,5552,36,B,Female,JANNATUL FERDOUS,জান্নাতুল ফেরদাউস,MD. MIZANUR RAHMAN KHAN,মোঃ মিজানুর রহমান খান,MD. MIZANUR RAHMAN KHAN,RABAYA BOSSRAY KHUSHBU,রাবেয়া বসরী খুশবু,2007-10-08,External,19/E NORTH TOLER BAGH,MIRPUR,DHAKA,1819207510,DO B.D. SARIF,DARUS SALAM,DHAKA,FALSE,,1.31229E+12,1.31229E+12,8656488825
,__export__.education_admission_register_5,Father,5558,37,B,Female,NUSRAT JAHAN,নুসরাত জাহান,DOST MOHAMMAD,দোস্ত মোহাম্মদ,DOST MOHAMMAD,SHAHIDA GULSAN ARA,শাহিদা গুলসান আরা,2007-08-01,Internal,"4/1, SHAH ALI BAGH",MIRPUR,DHAKA,1712992055,SUTI PUR SONAICHANDI,NACHOL,CHAPAI NOBAB GON,FALSE,,7.01564E+12,7.01564E+12,3257226567
,__export__.education_admission_register_5,Father,5526,38,B,Female,TABASSUM ISLAM,তাবাসসুম ইসলাম,SHAMSUL ISLAM,সামসুল ইসলাম,SHAMSUL ISLAM,TASLIMA ISLAM,তাসলিমা ইসলাম,2006-11-30,External,"3/4, PAIKPARA GOVT STAFF QUERTER",MIRPUR,DHAKA,19224970298,DO B.D. SHARIF,DARUS SALAM,DHAKA,FALSE,,2.69481E+12,2.69481E+12,7756427501
,__export__.education_admission_register_5,Father,5471,39,B,Female,SUMAIYA SULTANA SUCHI,সুমাইয়া সুলতানা সুচি,MD. JASHIM UDDIN,মোঃ জসীম উদ্দিন,MD. JASHIM UDDIN, ROKSANA KHATUN, রোকসানা খাতুন,2008-11-27,External,"C-6/2, SHIKSHA BOARD STAFF QUERTER",MIRPUR,DHAKA,1712019277,MONMANIA EAST NARANDI,PAKUNDIA,KISHOR GONJ,FALSE,,4622254995,4622254995,2.69481E+12
,__export__.education_admission_register_5,Father,6541,40,B,Female,MAHIYA JAMAN,মাহিয়া জামান,MD. MONEROZZAMAN MOZID,মোঃ মনিরুজ্জামান মজীদ,MD. MONEROZZAMAN MOZID,NARGIS SULTANA,নারগিস সুলতানা,2007-08-06,External,"19/D, NORTH TOLER BAGH",MIRPUR,DHAKA,1711487311,CHAK JARON PUR DO,PABNA,DO,FALSE,,7.62551E+12,7.62551E+12,7.62551E+12
,__export__.education_admission_register_5,Father,5507,41,B,Female,TASFIA MOHOSIN ABONI,তাসফিয়া মহসীন অবনী,MOHSIN SIRAJ,মহসীন সিরাজ,MOHSIN SIRAJ,MEHERUN NESSA,মেহেরুন নেছা,2008-07-26,External,"149/2, SOUTH  BISHIL",MIRPUR,DHAKA,1721051164,DO B.D.SHARIF,DARUS SALAM,DHAKA,FALSE,,5.91843E+12,5.91843E+12,5.91843E+12
,__export__.education_admission_register_5,Father,5487,42,B,Female,BUSHRA BINTA BARKAT,বুশরা বিনতে বরকত,KAMAL HOSSAIN BARKAT,কামাল হোসেন বরকত,KAMAL HOSSAIN BARKAT,ASMA AKTAR,আসমা আক্তার,2007-02-15,External,"79/2, EAST AHMED NAGAR",MIRPUR,DHAKA,1830580955,"109, SOUTH BISHIL B.D SHARIF",DARUS SALAM,DHAKA,FALSE,,F'01830580955,G01830580955,M'01830580955
,__export__.education_admission_register_5,Father,5582,43,B,Female,TAMANNA RAHMAN,তামান্না রহমান,MD. TABIBAR RAHMAN,মোঃ তবিবর রহমান,MD. TABIBAR RAHMAN,LIPI RAHMAN,লিপি রহমান,2008-08-21,Internal,"119/10, ANSWER CAMP GOVT STAFF QUERTER",MIRPUR,DHAKA,1912150577,HAZRA KHANA NARAON PUR,COWGASA,JESSORE,FALSE,,2.69481E+12,2.69481E+12,2.69481E+12
,__export__.education_admission_register_5,Father,6539,44,B,Female,FARJANA YESMIN BOISHAKHI,ফারজানা ইয়াসমিন বৌশাখী,S.M. FIROJ AHMED KHAN,এস.এম. ফিরুজ আহমেদ খাঁন,S.M. FIROJ AHMED KHAN,MST. SELINA AKTER,মোছা: সেলিনা আক্তার,2008-04-14,External,"115/5, PAIKPARA STAFF QUERTER",MIRPUR,DHAKA,1711461406,MADOBPUR DO,DO,HOBIGONJ,FALSE,,3706142548,3706142548,4156153498
,__export__.education_admission_register_5,Father,5488,45,B,Female,TASFIA ISALM LAMIA,তাশফিয়া ইসলাম লামিয়া,MD. RAFIQUL ISLAM,মোঃ রফিকুল ইসলাম,MD. RAFIQUL ISLAM,SALMA SULTANA,সালমা সুলতানা,2008-01-25,External,"2/1/A, TOLER BAGH",MIRPUR,DHAKA,1716593682,DO B.D SHARIF,DARUS SALAM,DHAKA,FALSE,,4159317983,4159317983,2.69481E+12
,__export__.education_admission_register_5,Father,5562,46,B,Female,AYASA SEDDIQUA RAICHA,আয়েশা সিদ্দিকা রাইসা,MD. KHALILUR RAHMAN,মোঃ খলিলুর রহমান,MD. KHALILUR RAHMAN,RAZIA SULTANA,রাজিয়া সুলতানা,2007-12-26,External,"331/1, PAIKPARA",MIRPUR,DHAKA,1727613586,GOWRIPUR TEWARI PUR,VANDIRIA,PIROJ PUR,FALSE,,1.97827E+16,1.97827E+16,1.98427E+16
,__export__.education_admission_register_5,Father,5583,47,B,Female,SANGIDA KHANOM MEGHLA,সানজিদা খানম মেঘলা,MD. MOKTER HOSSAIN,মোঃ মোকতার হোসেন,MD. MOKTER HOSSAIN,BEGOM SUFIA,বেগম সুফিয়া,2007-10-31,External,"106/7, PAIKPARA GOVT STAFF QUERTER",MIRPUR,DHAKA,1714823757,MEDUYA KALUPUR,VOLA SADAR,VOLA,FALSE,,2.69888E+12,2.69888E+12,2.69888E+12
,__export__.education_admission_register_5,Father,5472,48,B,Female,DIPANNITA BASAK,দীপান্বিতা বসাক,PRODIP KUMAR BASAK,প্রদীপ কুমার বসাক,PRODIP KUMAR BASAK,BEAUTY BASAK,বিউটি বাসক,2007-11-06,External,"HOUSE NO-20, GOLER TAKE",MIRPUR,DHAKA,1552435079,ALENGA NORTH PARA ALENGA,KALIHATI,TANGAIL,FALSE,,5057995242,5057995242,2808559328
,__export__.education_admission_register_5,Father,5463,49,B,Female,SAMSUN NAHAR NOD,শামসুন নাহার নদ,MD. AMIR HOSSAIN BABUL,মোঃ আমির হোসেন বাবুল,MD. AMIR HOSSAIN BABUL,MOMTAJ BEGUM,মমতাজ আক্তার,2007-03-04,External,"184/6, SOUTH BISHIL",MIRPUR,DHAKA,1849462392,DO B.D. SHARIF,DARUS SALAM,DHAKA,FALSE,,1904932082,1904932082,5957595225
,__export__.education_admission_register_5,Father,5451,50,B,Female,TAHMINA TASNAM DIPTE,তাহমিনা তাসনিম দীপ্তী,MD. TAJUDDIN TAPAN,মোঃ তাজউদ্দিন তপন,MD. TAJUDDIN TAPAN,MST. AFRUZA Begum,মোছা: আফরোজা বেগম,2007-09-09,External,"130/3, JONAKI ROAD, AHMED NAGAR PAIKPARA",MIRPUR,DHAKA,8016845,DO MIRPUR,DO,DHAKA,FALSE,,6856783631,6856783631,456781796
,__export__.education_admission_register_5,Father,5468,51,B,Female,SHEIK MALEKIN MINALLA,শেখ মালেকিন মিনাল্লা,SHEIKH MD. MOJAMMEL ALI,শেখ মো: মোজাম্মেল আলী,SHEIKH MD. MOJAMMEL ALI,MST. NILUFA EYASMIN,মোছা: নিলুফা ইয়াসমিন,2008-05-18,External,"19/C/7, NORTH BISHIL",MIRPUR,DHAKA,1711956473,DO B.D. SHARIF,DARUS SALAM,DHAKA,FALSE,,5504307645,5504307645,2.61723E+12
,__export__.education_admission_register_5,Father,5578,52,B,Female,MARJIA TASNIM,মারজিয়া তাসনিম,GOLAM NOBI MANIK,গোলাম নবী মানিক,GOLAM NOBI MANIK,NARGIS AKTER,নার্গিস আক্তার,2008-03-01,External,"16/1/1, TOLER BAGH",MIRPUR,DHAKA,123456789,BIJOYFARI DO,CHOWDDA GRAM,COMILLA,FALSE,,1.91315E+12,1.91315E+12,1484060676
,__export__.education_admission_register_5,Father,5542,53,B,Female,ORPITA AKTAR CHOWA,অর্পিতা আক্তার ছোঁয়া,MD. MANIK BAPARY,মোঃ মানিক বেপারী,MD. MANIK BAPARY,LIVA AKTAR,লিভা আক্তার,2008-10-30,External,"121, SHAH ALI BAGH",MIRPUR,DHAKA,1916545652,DO MIRPUR,DO,DHAKA,FALSE,,8658990315,8658990315,1004486419
,__export__.education_admission_register_5,Father,6042,54,B,Female,AFEA BINTE ALI PRITY,আফিয়া বিনতে আলী প্রিতি,MOHAMMAD ALI MIAH PRINCE,মোহাম্মদ আলী মিয়া প্রিন্স,MOHAMMAD ALI MIAH PRINCE,JUNNATUL FERDOSH,জান্নাতুল ফেরদৌস,2007-06-21,External,"334/1-B, WEST AHMED NAGAR",MIRPUR,DHAKA,1925509466,DO MIRPUR,DO,DHAKA,FALSE,,1003888367,1003888367,1.9921E+16
,__export__.education_admission_register_5,Father,5512,55,B,Female,SADIA  AKTAR JUI,সাদিয়া আক্তার জুঁই,MD. HANIF SORDAR,মোঃ হানিফ সরদার,MD. HANIF SORDAR,SUFIA BEGUM,সুফিয়া বেগম,2007-11-20,Internal,DHAKA SHIKSHA BOARD STAFF QUERTER,MIRPUR,DHAKA,1686887058,KAMRANGIR CHAR LALBAGH,DO,DHAKA,FALSE,,FM01686887058,GM01686887058,'M01686887058
,__export__.education_admission_register_5,Father,5554,56,B,Female,FARIHA AFRIN NUHA,ফারিয়া আফরিন নুহা,MD. MAIN UDDIN,মোঃ মাঈন উদ্দিন,MD. MAIN UDDIN,FERDOWSI LALI MUNNI,ফেরদৌসী লায়লী মুন্নি,2006-09-01,Internal,"19/K/L, NORTH TOLER BAGH",MIRPUR,DHAKA,1918226692,SHAHJAD PUR PATOWARIR HUT,COMPANI GONJ,DO,FALSE,,7.51218E+12,7.51218E+12,1.98427E+16
,__export__.education_admission_register_5,Father,5474,57,B,Female,NURSHAD JAHAN MOON,নূরস্বাদ জাহান মুন,MD. SHAJAHAN SHAJU,মোঃ শাহজাহান সাজু,MD. SHAJAHAN SHAJU,FATEMA AKTHER RINA,ফাতিমা আক্তার রিনা,2008-01-01,External,DHAKA SHIKSHA BOARD STAFF QUERTER,MIRPUR,DHAKA,1720011356,DASH BAHA GUNBATI,CHODHU GRAM,COMILLA,FALSE,,7308964019,7308964019,7308964027
,__export__.education_admission_register_5,Father,5572,58,B,Female,MUGDHO RAHMAN,মুগ্ধ রহমান,MD. MASUDUR RAHMAN,মোঃ মাসুদুর রহমান,MD. MASUDUR RAHMAN,SABRINA JIASMIN,সাবরিনা জিয়াসমিন,2006-07-02,External,"20/19, PAIKPARA STAFF QUERTER",MIRPUR,DHAKA,1716118600,MIDDLE NODA PARA SAPURA,SHAH MUKHDUM,RAJSHAHI,FALSE,,6406154903,6406154903,4606163238
,__export__.education_admission_register_5,Father,7364,59,B,Female,SADIA TALUKDER,সাদিয়া তালুকদার,KABIR HOSSAIN TALUKDER,কবির হোসেন তালুকদার,KABIR HOSSAIN TALUKDER,HAMIDA BEGUM,হামিদা বেগম,2007-02-14,External,"C-6/4, DHAKA SHIKSHA BOARD STAFF QUERTER",MIRPUR,DHAKA,1795315399,MOMIN PUR ALAMNAGAR,VHUYANPUR,TANGAIL,FALSE,,6.1252E+12,6.1252E+12,9.31194E+12
,__export__.education_admission_register_5,Father,7390,60,B,Female,MAHNAZ AKTER CHHOA,মেহনাজ আক্তার ছোঁয়া,required,প্রয়োজনীয়,required,required,প্রয়োজনীয়,2008-06-25,External,required address,MIRPUR,DHAKA,123456789,required address ,,,FALSE,,F'0123456789,G'0123456789,M'0123456789
,__export__.education_admission_register_5,Father,7434,61,B,Female,MARIA ISLAM,মারিয়া ইসলাম,MD. SALIM MIA,মোঃ সেলিম মিয়া,MD. SALIM MIA,NAZMA BEGUM,নাজমা বেগম,2007-09-21,External,required address,MIRPUR,DHAKA,123456789,required address ,,,FALSE,,2.69481E+12,2.69481E+12,2.69481E+12
,__export__.education_admission_register_5,Father,7441,62,B,Female,LAMIYEA JAHRUN,লামিয়া যাহ্রুন,MD. ARIFUSJAMAN,মোঃ আরিফফুজ্জামান,MD. ARIFUSJAMAN,NIPA YESMIN,নিপা ইয়াসমিন,2008-06-30,External,"16/5 FATEMA TOWER ROAD NO-7, SOUTH BISHIL",MIRPUR,DHAKA,1715753453,DO B.D.SHARIF,DARUS SALAM,DHAKA,FALSE,,1942000918,1942000918,9141940362
,__export__.education_admission_register_5,Father,7530,63,B,Female,RADIATUN NUSAIBA NEHA,রাদিয়াতুন নুসাইবা নেহা,MD. KAMRUZZAMAN,মোঃ কামরুজ্জামান,MD. KAMRUZZAMAN,RIFAT SULTANA POLY,রিফাত সুলতানা পলি,2008-11-17,External,"37/1, SHAH ALI BAGH DHAN KHATER MOR",MIRPUR,DHAKA,1727223759,EAST ALADAD PUR COWPOLI,SADAR,LAXMIPUR,FALSE,,6.9511E+11,6.9511E+11,6.9511E+11
