id,register_id/id,guardian_relation,student_id,roll_no,section,name,name_b,father_name,father_name_b,guardian_name,mother_name,mother_name_b,date_of_birth,,student_category,street,street2,city,father_mobile,mobile,per_street,per_street2,per_city,is_same_address,gender,religion_id/id,class_id,guardian_NID,father_NID,mother_NID
,__export__.education_admission_register_2,Father,6778,1,B,MUSHARRAT JAHAN RIA,মুশাররাত জাহান রিয়া,MD. MONOWARUL ALAM BHUIYAN,মোঃ মানোয়ারুল আলম ভুঁইয়া,MD. MONOWARUL ALAM BHUIYAN,JANNAT NOWRIN,জান্নাত নওরীন,2010-06-29,,Internal,"HOUSE NO-27, ROAD NO-09, SOUTH BISHIL",MIRPUR,DHAKA,1819876343,1819876343,DO MIRPUR,DARUS SALAM,DHAKIA,FALSE,Male,,,2BG00001,2BF00001,2BM00001
,__export__.education_admission_register_2,Father,6807,2,B,SIDDIKA NAHIAN,সিদ্দিকা নাহিয়ান,MD. NASIR UDDIN,মোঃ নাসির উদ্দিন,MD. NASIR UDDIN,RAIHANA BEGUM,রাইহানা বেগম,2010-11-16,,Internal,"35/A, 2/1, CHALANTIKA HOUSING",MIRPUR,DHAKA,1913906198,1913906198,UARIA HURIA,SHAHRASTI,CHANDPUR,FALSE,Male,,,2BG00002,2BF00002,2BM00002
,__export__.education_admission_register_2,Father,6962,3,B,MEHER AFROJ RUKAYIA,মেহের আফরোজ রুকাইয়া,MOHAMMAD MOHIUDDIN AHMED,মোহম্মদ মহিউদ্দিন আহমেদ,MOHAMMAD MOHIUDDIN AHMED,TAMANNA HOSSAIN,তামান্না হোসেন,2010-05-20,,Internal,"367/4/1-A, ARNOB  VILA HAJI WASIR ROAD, AHMED NAGA",MIRPUR,DHAKA,1716907475,1716907475,SIMULIA KHAMER PARA SIMULIA,ASHULIA,DHAKA,FALSE,Male,,,2BG00003,2BF00003,2BM00003
,__export__.education_admission_register_2,Father,6787,4,B,M0NALI TALUKDER,মোনালী তালুকদার,FEROZ MIAH,ফিরোজ মিয়া,FEROZ MIAH,TONIMA SONI,তনিমা সনি,2010-07-11,,Internal,"B-3/3, SHIKSHA BOARD STAFF QUERTER",MIRPUR,DHAKA,1954982668,1954982668,"16/2/A, JOYNAG ROAD, BOKSHI BAZER",DHAKA,DHAKA,FALSE,Male,,,2BG00004,2BF00004,2BM00004
,__export__.education_admission_register_2,Father,6884,5,B,SHAFIN BIN SHARIF,শাফিন বিন শরিফ,MD. SHARIFUL ISLAM,মোঃ শরিফুল ইসলাম,MD. SHARIFUL ISLAM,SUPIA AKTER,সপিয়া আক্তার,2010-12-31,,Internal,"159/A, MIDDLE PAIKPARA",MIRPUR,DHAKA,1812688783,1812688783,DO MIRPUR,DO,DHAKA,FALSE,Male,,,2BG00005,2BF00005,2BM00005
,__export__.education_admission_register_2,Father,6881,6,B,ZANNATUL FERDOUS MAWA,জান্নাতুল ফেরদৌস মাওয়া,MD. SHOHORAB HOSSAIN,মোঃ সোহরাব হোসেন,MD. SHOHORAB HOSSAIN,MST MARZINA AKTHER,মোসাঃ মর্জিনা আক্তার,2010-10-24,,Internal,SHIKSHA BOARD STAFF QUERTER,MIRPUR,DHAKA,1921478032,1921478032,ANURAG DO,NOLCITY,JALOKATI,FALSE,Male,,,2BG00006,2BF00006,2BM00006
,__export__.education_admission_register_2,Father,6883,7,B,REAWAN JUBAIR,রেওয়ান জুবাইর,MOHD. JASHIM UDDIN,মোহাঃ জসিম উদ্দিন,MOHD. JASHIM UDDIN,RUMANA NURIN,রুমানা নূরীন,2010-10-15,,Internal,"22/17, TOLERBAG",MIRPUR,DHAKA,1675963715,1675963715,NABINAGAR SHASAF BARI NABINAGAR,DO,B. BARIA,FALSE,Male,,,2BG00007,2BF00007,2BM00007
,__export__.education_admission_register_2,Father,6806,8,B,MST. NUSRAT JAHAN MOYNA,মোসাঃ নুসরত জাহান ময়না,MD. IDRIS ALI,মোঃ ইদ্রিস আলী,MD. IDRIS ALI,MRS. NAZMA BEGUM,মিসেস নাজমা বেগম,2009-11-16,,Internal,"6/A, SOUTH BISHIL ROAD -11",MIRPUR,DHAKA,1712549793,1712549793,SHOLJALIA KATHALIA,DO,JALOKATI,FALSE,Male,,,2BG00008,2BF00008,2BM00008
,__export__.education_admission_register_2,Father,6882,9,B,UMME HUMAIRA,উম্মে হুমায়ইরা আহমেদ,MD. HELAL,মোঃ হেলাল,MD. HELAL,RANI BEGUM,রানী বেগম,2010-08-08,,Internal,"185/A, SOUTH BISHIL",MIRPUR,DHAKA,1715839983,1715839983,BABANI PUR DO,UZIR PUR,BARISAL,FALSE,Male,,,2BG00009,2BF00009,2BM00009
,__export__.education_admission_register_2,Father,6853,10,B,MOHAMMAD ALI SHIAM,মুহাম্মদ আলী শিয়াম,MOHAMMAD ALI AKBAR,মুহাম্মদ আলী আকবর,MOHAMMAD ALI AKBAR,SHIKA AFREEN,শিকা আফরিন,2010-04-10,,Internal,"SELL ROSE, HOUSE NO-17-D,FLAT-B-2, LAL KUTI",MIRPUR,DHAKA,1711730038,1711730038,KAKATIA LEMUBARI,MANIKGONJ,DO,FALSE,Male,,,2BG00010,2BF00010,2BM00010
,__export__.education_admission_register_2,Father,6827,11,B,HAFIZUL ISLAM NAHID,হাফিজুল ইসলাম নাহিদ,MD. KAMAL MRIDHA,মোঃ কামাল মৃধা,MD. KAMAL MRIDHA,NUR NAHAR BEGUM,নূর নাহার বেগম,2010-07-13,,Internal,"270/KA, MIDDLE PAIKPARA",MIRPUR,DHAKA,1745097862,1745097862,DO MIRPUR,DO,DHAKA,FALSE,Male,,,2BG00011,2BF00011,2BM00011
,__export__.education_admission_register_2,Father,6810,12,B,FARZANA AKHTER,ফারজানা আকতার,MD. MOMIN,মোঃ মোমিন,MD. MOMIN,SALINA AKTER,সেলিনা আকতার,2010-08-14,,Internal,"18/18, PAIKPARA GOVT. STAFF QUERTER",MIRPUR,DHAKA,1818168037,1818168037,HORINA LASRAGONJ,HORIRAM,MANIKGONJ,FALSE,Male,,,2BG00012,2BF00012,2BM00012
,__export__.education_admission_register_2,Father,6849,13,B,AHMAD JARIF,আহমদ জারিফ,ABDUL KADER SARDER,আবদুল কাদের সরদার,ABDUL KADER SARDER,MARIAM JAMILA,মরিয়ম জমিলা,2010-10-01,,Internal,"26/5-1, NORTH PAIKPARA",MIRPUR,DHAKA,1913123123,1913123123,DO MIRPUR,DO,DHAKA,FALSE,Male,,,2BG00013,2BF00013,2BM00013
,__export__.education_admission_register_2,Father,6845,14,B,ZULKER NAIN,জুলকার নেইন,MD. SHAHED HOSSAIN,মোঃ শাহেদ হোসেন,MD. SHAHED HOSSAIN,MEHERUN NESA,মেহেরুন নেসা,2010-02-08,,Internal,"MIDDLE PAIKPARA, BIHARIPARA",MIRPUR,DHAKA,1749682360,1749682360,EAST KASHOB KATI OTRA,UZIRPUR,BARISAL,FALSE,Male,,,2BG00014,2BF00014,2BM00014
,__export__.education_admission_register_2,Father,6851,15,B,SRIJAN PAUL,শ্রিজন পল,SWAPAN CHANDRA PAUL,স্বপন চন্দ্র পল,SWAPAN CHANDRA PAUL,SHIKHA PAUL,শিখা পল,2010-02-11,,Internal,"4/4, ROAD NO-11, SOUTH BISHIL",MIRPUR,DHAKA,1681015151,1681015151,GOPALPUR GARMARI,BORAIGRAM,NATORE,FALSE,Male,,,2BG00015,2BF00015,2BM00015
,__export__.education_admission_register_2,Father,6781,16,B,NUSRAT JAHAN MIM,নুসরাত জাহান মিম,MD. DELWAR HOSSAIN MOLLA,মোঃ দেলোয়ার হোসেন মোল্লা,MD. DELWAR HOSSAIN MOLLA,SALMA AKTER,সালামা আক্তার,2010-11-10,,Internal,"195/1, FALGUNI ROAD, AHMED NAGAR PAIKPARA",MIRPUR,DHAKA,1715350740,1715350740,KHALIFA KANDI CHAR BHOIRAV,HAIMCHAR,CHANDPUR,FALSE,Male,,,2BG00016,2BF00016,2BM00016
,__export__.education_admission_register_2,Father,6958,17,B,ANNUR-A-JANNAT CHOWA,আননূর-এ-জান্নাত ছোয়া,ASHRAFUJJAMAN TIPU,আশরাফুজ্জামান টিপু,ASHRAFUJJAMAN TIPU,SANJIDA AKTER NIPA,সানজিদা আক্তার নিপা,2010-01-01,,Internal,"HOUSE NO-16/C/I, DARUS SALAM",MIRPUR,DHAKA,1716261120,1716261120,SALIMPUR TARAGUNIA,DOWLATPUR,KUSTIA,FALSE,Male,,,2BG00017,2BF00017,2BM00017
,__export__.education_admission_register_2,Father,6831,18,B,TAMIM HASAN LIMON,তামিম হাসান লিমন,MD. MOSARAF,মোঃ মোশারফ,MD. MOSARAF,SHAZADY BEGUM,শাজেদি বেগম,2010-03-05,,Internal,367/3/KA AHMED NAGAR PAIKPARA,MIRPUR,DHAKA,1918958281,1918958281,DO MIRPUR,DO,DHAKA,FALSE,Male,,,2BG00018,2BF00018,2BM00018
,__export__.education_admission_register_2,Father,6957,19,B,EOLID,ইওলিদ,MD. SAFIQUL ISLAM,মোঃ শফিকুল ইসলাম,MD. SAFIQUL ISLAM,MST. BITHI BEGUM,মোসাঃ বিথি বেগম,2009-06-21,,Internal,"11/3, BIHARIPARA",MIRPUR,DHAKA,1753701192,1753701192,BANGLAISH LAKSHAM,DO,COMILLA,FALSE,Male,,,2BG00019,2BF00019,2BM00019
,__export__.education_admission_register_2,Father,6771,20,B,SYEDA SAMINA BUSHRA,সৈইদা সামিনা বুশরা,S.M. ABDUS SALAM,এস.এম. আবদুস সালাম,S.M. ABDUS SALAM,SELINA AKHTER,সেলিনা আকতার,2010-02-17,,Internal,"31/12, KA MIDDLE PAIKPARA",MIRPUR,DHAKA,1817533315,1817533315,DO MIRPUR,DO,DHAKA,FALSE,Male,,,2BG00020,2BF00020,2BM00020
,__export__.education_admission_register_2,Father,6792,21,B,TAWHID ISLAM,তাওহীদ ইসলাম,MONJURUL ISLAM,মঞ্জুরুল ইসলাম,MONJURUL ISLAM,TAHMINA YESMIN,তাহমিনা ইয়াসমিন,2010-09-04,,Internal,65 KALLAN PUR,MIRPUR,DHAKA,1875009043,1875009043,DO MIRPUR,DO,DHAKA,FALSE,Male,,,2BG00021,2BF00021,2BM00021
,__export__.education_admission_register_2,Father,6814,22,B,NAJIFA TASNIM,নাজিফা তাসনীম,MD. NAZRUL ISLAM,মোঃ নজরুল ইসলাম,MD. NAZRUL ISLAM,MARJIA ISLAM,মারজিয়া ইসলাম,2010-04-29,,Internal,"C-5/7, DHAKA SHIKSHA BOARD STAFF QUERTER",MIRPUR,DHAKA,1819962876,1819962876,GABKHAN DO,JALOKHATI,DO,FALSE,Male,,,2BG00022,2BF00022,2BM00022
,__export__.education_admission_register_2,Father,6893,23,B,MD. WASIUR RAHMAN ESHAT,মোঃ ওয়সিউর রহমান ইসহাত,MOHAMMAD MEZANUR RAHMAN,মোহাম্মদ মিজানুর রহমান,MOHAMMAD MEZANUR RAHMAN,NASRIN SULTANA,নাসরিন সুলতানা,2011-01-15,,Internal,"C-6/7, SHIKSHA BOARD STAFF QUERTER",MIRPUR,DHAKA,1776766487,1776766487,BHORIPASHA DO,BAWFAL,PATUAKHALI,FALSE,Male,,,2BG00023,2BF00023,2BM00023
,__export__.education_admission_register_2,Father,6796,24,B,OHAYADUR RAHMAN ATIF,ওহাইদুর রহমান আতিফ,MD. SAIFUR RAHMAN SUMAN,মোঃ সাইফুর রহমান সুমন,MD. SAIFUR RAHMAN SUMAN,NAZNIN SULTANA,নাজনিন সুলতানা,2010-12-20,,Internal,"BIBI MORIOM PALACE NO-27, ROAD 9,FLAT 6/B, SOUTH B",MIRPUR,DHAKA,1714220281,1714220281,BUJIDHANGA MONDIA,KALIGONJ,JINAIDAH,FALSE,Male,,,2BG00024,2BF00024,2BM00024
,__export__.education_admission_register_2,Father,6770,25,B,SUMAIYA AKTER,সুমাইয়া আকতার,MD. SAYED,মোঃ সাইদ,MD. SAYED,LOVELY BEGUM,লাভলী বেগম,2009-11-03,,Internal,"304/1, AHMED NAGAR PAIKPARA",MIRPUR,DHAKA,1972320111,1972320111,BOLDI PARA MATINPUR,SUNDARGONJ,GAIBANDA,FALSE,Male,,,2BG00025,2BF00025,2BM00025
,__export__.education_admission_register_2,Father,6829,26,B,MD. FAHIM HOSSAIN,মোঃ ফাহিম হোসেন,MD. KAMAL HOSSAIN,মোঃ কামাল হোসেন,MD. KAMAL HOSSAIN,FARIDA YASMIN,ফরিদা ইয়াসমিন,2010-11-04,,Internal,"ROAD-9, HOUSE NO-25, SOUTH BISHIL",MIRPUR,DHAKA,1816250434,1816250434,MUHARA PARA HAKIM PUR,DO,DINAJ PUR,FALSE,Male,,,2BG00026,2BF00026,2BM00026
,__export__.education_admission_register_2,Father,6836,27,B,ANIKA ZAMAN,আনিকা জামান,MD. AHSHANUZZAMAN,মোঃ আহসানুজ্জমান,MD. AHSHANUZZAMAN,MST. SHAMSUNNAHAR,মোসাঃ শামসুন্নাহার,2010-04-14,,Internal,"20/1, TOLER BAGH NIBASH",MIRPUR,DHAKA,1787796813,1787796813,THAKUR GOAN GAZIPUR,CHUNARA GHAT,HOBIGONJ,FALSE,Male,,,2BG00027,2BF00027,2BM00027
,__export__.education_admission_register_2,Father,6885,28,B,ARIFA AFRIN,আরিফ আফরিন,MD. ZILLUR RAHMAN,মোঃ জিল্লুর রহমান,MD. ZILLUR RAHMAN,MOST. ANGIRA BEGUM,মোসাঃ আঙ্গিরা বেগম,2010-12-31,,Internal,"240/C, LALKUTI, 3RD COLONI",MIRPUR,DHAKA,1722159033,1722159033,DO MIRPUR,DARUS SALAM,DHAKA,FALSE,Male,,,2BG00028,2BF00028,2BM00028
,__export__.education_admission_register_2,Father,6794,29,B,TANZIL HOSSAIN NEHON,তানজিল হুসাইন নেহন,A.Z.M. IQUEBAL HOSSAIN,এ.জে.এম. ইকবাল হোসেন,A.Z.M. IQUEBAL HOSSAIN,TASLIMA BEGUM,তাসলিমা বেগম,2010-05-13,,Internal,"112/2, PAIKPARA GOVT. STAFF QUERTER",MIRPUR,DHAKA,1720458065,1720458065,AGORHATI LOWRI,MONIRAMPUR,JESSHORE,FALSE,Male,,,2BG00029,2BF00029,2BM00029
,__export__.education_admission_register_2,Father,6852,30,B,IRAJ KARIM,ইরাজ করিম,MD. ENAYET KARIM,মোঃ এনায়েত করিম,MD. ENAYET KARIM,MAHMUDA AKTER,মাহমুদা আক্তার,2010-08-07,,Internal,"312/8, KAPASIA HOUSE, LALKUTI, 1ST COLONI",MIRPUR,DHAKA,1816589633,1816589633,NARICHA NORTH PADUA,RANGUNIA,CHITAGONJ,FALSE,Male,,,2BG00030,2BF00030,2BM00030
,__export__.education_admission_register_2,Father,6779,31,B,ARPITA SARKER,অর্পিতা সরকার,MANIK CHANDRA SHIL,মানিক চন্দ্র শীল,MANIK CHANDRA SHIL,ANAMIKA SARKER,অনামিকা সরকার,2010-04-26,,Internal,"B-3/5, DHAKA SHIKSHA BOARD STAFF QUERTER",MIRPUR,DHAKA,1817590683,1817590683,SOTO BALLOB PUR CHARSHAHI,LAXMIPUR,DO,FALSE,Male,,,2BG00031,2BF00031,2BM00031
,__export__.education_admission_register_2,Father,6834,32,B,TASNUBA TABASUM NUFA,তাসনুবা তাবাসসুম নুফা,MD. SHAKAWAT HOSSAIN SHOWKAT,মোঃ শাকাওয়াত হোসেন শওকত,MD. SHAKAWAT HOSSAIN SHOWKAT,SHAREFUN NAHAR,শেরেফুন নাহার,2010-11-25,,Internal,DHAKA SHIKSHA BOARD STAFF QUERTER,MIRPUR,DHAKA,1724204089,1724204089,GARANIA SIRGRAM,ALFADHANGA,FARID PUR,FALSE,Male,,,2BG00032,2BF00032,2BM00032
,__export__.education_admission_register_2,Father,6844,33,B,LABONI FERDOUS TANHA,লাবনি ফেরদৌস তানহা,MD. TAZUL ISLAM TALUKDAR,"মোঃ তাজুল ইসলাম, তালুকদার",MD. TAZUL ISLAM TALUKDAR,MOST. BILKIS AKTER,মোসাঃ বিলকিস আকতার,2010-09-02,,Internal,"1/3, SOUTH BISHIL, ROAD NO-11",MIRPUR,DHAKA,1687213521,1687213521,CHAR BARIA DO,KOTOALI,BARISAL,FALSE,Male,,,2BG00033,2BF00033,2BM00033
,__export__.education_admission_register_2,Father,6856,34,B,TARNIBA EMAN OPI,তারনিবা ইমন অপি,MD. TAHERUL ISLAM,মোঃ তেহরুল ইসলাম,MD. TAHERUL ISLAM,MRS. HALIMA BEGUM,মিসেস হালিমা বেগম,2010-01-06,,Internal,"117/7, PAIKPARA GOVT STAFF QUERTER, ANSWER CAMP",MIRPUR,DHAKA,1710199063,1710199063,DANISTO PUR BOLORA,HORIRAM PUR,MANIKGONJ,FALSE,Male,,,2BG00034,2BF00034,2BM00034
,__export__.education_admission_register_2,Father,6839,35,B,BAHRIN RUHI,বাহরিন রুহি,MOHAMMAD KAMRUL YUNUS,মুহাম্মদ কামরুল ইউনূস,MOHAMMAD KAMRUL YUNUS,ASMA BEGUM,আসমা বেগম,2009-09-29,,Internal,"3/5, SOUTH BISHIL, ROAD-11",MIRPUR,DHAKA,1715026189,1715026189,DO B.D. SARIF,DARUS SALAM,DHAKA,FALSE,Male,,,2BG00035,2BF00035,2BM00035
,__export__.education_admission_register_2,Father,6891,36,B,MOHAMMAD ARAFATUL ISLAM,মাহমুদ আরাফাতুল ইসলাম,MOHAMMED AMINUL ISLAM,মোহাম্মদ আমিনুল ইসলাম,MOHAMMED AMINUL ISLAM,PIAH FERDOUSI,পিয়াহ ফেরদৌসি,2010-11-16,,Internal,"51/7, WAK-UP COLONI",MIRPUR,DHAKA,1732608283,1732608283,DOWDATPUR AL MONIR ROAD MAHON GONJ,DO,NETRAKONA,FALSE,Male,,,2BG00036,2BF00036,2BM00036
,__export__.education_admission_register_2,Father,6803,37,B,ESHARAT KAZI,ইসরাত কাজি,MD. EASIN KAZI,মোঃ ইয়াসিন কাজি,MD. EASIN KAZI,TAMANNA RARZANA,তামান্না রারজানা,2010-11-12,,Internal,"A-98/2, PAIKPARA ANSWER CAMP STAFF QUERTER",MIRPUR,DHAKA,1757050458,1757050458,DUMUDIA BERARHUT,GOPALGONJ,DO,FALSE,Male,,,2BG00037,2BF00037,2BM00037
,__export__.education_admission_register_2,Father,6975,38,B,SHAHRUL AHMED,শাহরুল আহমেদ,FORRUK AHMED,র্ফরুক আহমেদ,FORRUK AHMED,RASHIDA AKTER,রাশিদা আক্তার,2010-08-12,,Internal,"256/1, AHMED NAGAR PAIKPARA",MIRPUR,DHAKA,1988597039,1988597039,CUTKHALI DURGAPASHA,BAKERGONJ,BARISAL,FALSE,Male,,,2BG00038,2BF00038,2BM00038
,__export__.education_admission_register_2,Father,7361,39,B,JUBAYDA SHEAK JIM,জুবায়দা শেখ জিম,MD. JAHANGIR HOSSAIN,মোঃ জাহাঙ্গীর হোসেন,MD. JAHANGIR HOSSAIN,MOST. RUBINA KHATUN,মোসাঃ রুবিনা খাতুন,2009-12-12,,Internal,"354/7, AHMED NAGAR PAIKPARA",MIRPUR,DHAKA,1624083636,1624083636,PAWTA DO,NOLCITY,JALOKATI,FALSE,Male,,,2BG00039,2BF00039,2BM00039
,__export__.education_admission_register_2,Father,7363,40,B,ARSHIA HARUN PRAPTI,আর্সিয়া হারুন প্রাপ্তি,MOHAMMAD HARUN-OR-RASHID,মুহাম্মদ হারুন-অর-রশিদ,MOHAMMAD HARUN-OR-RASHID,SADIA AFRIN,সাদিয়া আফরিন,2010-01-04,,Internal,"23 JANATA HOUSING, SHAH ALI BAG",MIRPUR,DHAKA,1700000000,1700000000,SANKORDI DO,RAJOWER,MADARIPUR,FALSE,Male,,,2BG00040,2BF00040,2BM00040
,__export__.education_admission_register_2,Father,7370,41,B,YEARUP JAHAN,ইয়ারুপ জাহান,MD. ABU TALEB HAWLADER,মোঃ আবু তালেব হাওলাদার,MD. ABU TALEB HAWLADER,MIRATUL FATEMA RITA,মীরাতুল ফাতেমা রিতা,2011-01-25,,Internal,"ROAD-9, HOUSE 57, SOUTH BISHIL",MIRPUR,DHAKA,1553341333,1553341333,"21/20, PAIKPARA GOVT STAF B.D.SARIF",DARUS SALAM,DHAKA,FALSE,Male,,,2BG00041,2BF00041,2BM00041
,__export__.education_admission_register_2,Father,7564,42,B,TASME TABASSUM SOYA,তাসমি তাবাস্সুম সয়া,GAZI AMIRUZZAMAN,গাজি আমিরুজ্জামান,GAZI AMIRUZZAMAN,NASRIN BAGUM,নাসরিন বেগম,2011-02-20,,Internal,92 MIDDLE PAIKPARA,MIRPUR,DHAKA,1760768586,1760768586,DO MIRPUR,DO,DHAKA,FALSE,Male,,,2BG00042,2BF00042,2BM00042
