id,register_id/id,guardian_relation,student_id,class_id,roll_no,section,name,name_b,father_name,father_name_b,guardian_name,mother_name,mother_name_b,date_of_birth,,student_category,street,street2,city,father_mobile,mobile,per_street,per_street2,per_city,is_same_address,gender,religion_id/id,class_id,guardian_NID,father_NID,mother_NID
,__export__.education_admission_register_3,Father,6329,,1,B,ARISA MAYMUNA,আরিশা মায়মুনা,MD. ABDUR RAHMAN,মোঃ আব্দুর রহমান,MD. ABDUR RAHMAN,MST. ANAWARA KHATUN,মোসাঃ আনোয়ারা খাতুন,2009-05-14,,External,"20/14, UTTARAN VHABAN, NORTH TOLER BAGH",MIRPUR,DHAKA,1675416925,1675416925,DHGHOR GOLBAHAR,KACHUA,CHANDPUR,FALSE,Male,,,3BG00001,3BF00001,3BM00001
,__export__.education_admission_register_3,Father,6442,,2,B,KARINIKA DAS UPOMA,করিনিকা দস উপমা,UZZAL KUMAR DAS,উজ্জল কুমার দাস,UZZAL KUMAR DAS,KABITA RANI DAS,কবিতা রানী দাস,2009-09-15,,External,"162/2/3/4, AN NUR TOWER",MIRPUR,DHAKA,1712801125,1712801125,DO DO,DO,DHAKA,FALSE,Male,,,3BG00002,3BF00002,3BM00002
,__export__.education_admission_register_3,Father,6375,,3,B,ANIKA AFRIN,আনিকা আফ্রিন,MD. AMIRUL ISLAM,মোঃ আমিরুল ইসলাম,MD. AMIRUL ISLAM,RATNA KHATUN,রতœা খাতুন,2009-11-01,,External,"26/18, PAIKPARA",MIRPUR,DHAKA,1914259364,1914259364,KALANGA,KALANGA BAZAR,MYMENSING,FALSE,Male,,,3BG00003,3BF00003,3BM00003
,__export__.education_admission_register_3,Father,6551,,4,B,MD. SHAHARIAR EZAZ ALIF,মোঃ শাহরিয়ার এজাজ আলিফ,SHAFIUL HAUQE,শফিউল হক,SHAFIUL HAUQE,LABONI NAZNIN DOLY,লাবনী নাজজিন ডলি,2009-07-03,,External,"22/A, MIDDLE PAIKPARA",MIRPUR,DHAKA,1715778737,1715778737,NAGAR KANDA DO,DO,FARIDPUR,FALSE,Male,,,3BG00004,3BF00004,3BM00004
,__export__.education_admission_register_3,Father,6378,,5,B,ELHAM BASAR,এলহাম বাশার,MARUF BASAR,মারুফ বাশার,MARUF BASAR,LAIZU AKHTER,লাইজু আখতার,2009-10-27,,External,"1/5/3, TOLARBAG",MIRPUR,DHAKA,1711183257,1711183257,DO B.D. SARIF,DARUS SALAM,DHAKA,FALSE,Male,,,3BG00005,3BF00005,3BM00005
,__export__.education_admission_register_3,Father,6373,,6,B,ZARIN TANZINA AUHONA,জারিন তানজিনা অহনা,FOKRUDDIN ALI AHAMED SARKAR,ফকরুদ্দিন আলী আহমেদ সরকার,FOKRUDDIN ALI AHAMED SARKAR,MST. FAHMINA KHATUN,মোসাঃ ফাহমিনা খাতুন,2009-10-15,,External,"9/3-4, FLAT-8D",MIRPUR,DHAKA,1556302487,1556302487,GOBINDA PUR KHALPAR,NOBAB GONJ,DHAKA,FALSE,Male,,,3BG00006,3BF00006,3BM00006
,__export__.education_admission_register_3,Father,6466,,7,B,H.M. SIAM,এইচ.এম সিয়াম,MD. ABDUL ALIM,মোঃ আবদুল আলীম,MD. ABDUL ALIM,MORIOM,মরিয়ম,2010-01-22,,External,"6-A, 333/C, AHMED NAGAR PAIKPARA",MIRPUR,DHAKA,1711909194,1711909194,RAM CHANDRA PUR SALDA NODI,"B,BARIA",COMILLA,FALSE,Male,,,3BG00007,3BF00007,3BM00007
,__export__.education_admission_register_3,Father,6347,,8,B,RAFID ISLAM,রফিড ইসলাম,SAIFUL ISLAM,সাইফুল ইসলাম,SAIFUL ISLAM,TANIA SULTANA,তানিয়া সুলতানা,2008-11-16,,External,"16/1, J/2, TOLARBAG",MIRPUR,DHAKA,1716067230,1716067230,DO DO,DO,DHAKA,FALSE,Male,,,3BG00008,3BF00008,3BM00008
,__export__.education_admission_register_3,Father,6308,,9,B,ANISA JAHAN,আনিসা জাহান,ABDUL HANNAN,আবদুল হান্নান,ABDUL HANNAN,YEASMIN AKTER,ইয়াসমিন আকতার,2009-10-18,,External,"304/1-B, AHMED NAGOR",MIRPUR,DHAKA,1818031250,1818031250,SIDDIQUE MOHOL 31/1 JM ROAD,FULTOLA,KUSTIA,FALSE,Male,,,3BG00009,3BF00009,3BM00009
,__export__.education_admission_register_3,Father,6370,,10,B,MERAZ ALI,মেরাজ আলী,MOHAMUD ALI,মাহমুদ আলী,MOHAMUD ALI,RAKHA AKTER,রেখা আকতার,2008-07-11,,External,"309, AHMED NAGOR",MIRPUR,DHAKA,1925776154,1925776154,DO B.D SARIF,DARUS SALAM,DHAKA,FALSE,Male,,,3BG00010,3BF00010,3BM00010
,__export__.education_admission_register_3,Father,6391,,11,B,AL- RAFI ISLAM RODITO,আল-রাফি ইসলাম রোদিতো,MD. OSMAN GONI,মোঃ ওসমান গনি,MD. OSMAN GONI,JOHURA AKTER,জোহরা আকতার,2009-12-25,,External,"107 ROAD NO -3, SOUTH BISHIL",MIRPUR,DHAKA,1812906865,1812906865,GORIKONA DO,KASEBPUR,JESSORE,FALSE,Male,,,3BG00011,3BF00011,3BM00011
,__export__.education_admission_register_3,Father,6444,,12,B,ISHMAT ARA FATEMA,ইসমাত আরা ফাতেমা,MD. SHAMSUL HAQUE MOLLA,মোঃ শামসুল হক মোল্লা,MD. SHAMSUL HAQUE MOLLA,MST. BOBITA HOQUE,মোসাঃ ববিতা হক,2009-03-01,,External,"235/1, AHMED NAGAR PAIKPARA",MIRPUR,DHAKA,1715109301,1715109301,BALIA MOSTOFAPUR,DO,MADARIPUR,FALSE,Male,,,3BG00012,3BF00012,3BM00012
,__export__.education_admission_register_3,Father,6389,,13,B,WARISA KAISAR TAHA,ওয়ারিশা কায়সার তাহা,MOHAMMAD MOSTAFA JAMAL KAISAR,মোঃ মুহাম্মদ মোস্তফা জামাল কায়সার,MOHAMMAD MOSTAFA JAMAL KAISAR,TASLIMA KHATUN,তাসলিমা খাতুন,2010-09-07,,External,"H-120, R-7, JANOTA HOUSING",MIRPUR,DHAKA,1917542789,1917542789,DO B.D. SARIF,DARUS SALAM,DHAKA,FALSE,Male,,,3BG00013,3BF00013,3BM00013
,__export__.education_admission_register_3,Father,6387,,14,B,SALMA ANIKA,সালমা আনিকা,MD. JAHANGIR HOSSAIN,মোঃ জাহাঙ্গীর হোসেন,MD. JAHANGIR HOSSAIN,SALAHA AKTER,সালেহা আকতার,2009-07-13,,External,"137/12-B-20, PRIANGON 2ND COLONY",MIRPUR,DHAKA,1726074059,1726074059,DO MIRPUR,DO,DHAKA,FALSE,Male,,,3BG00014,3BF00014,3BM00014
,__export__.education_admission_register_3,Father,6345,,15,B,SHAFWANA WASMIT,শাফওনা ওয়াসিম,MD. RAJIBUDDIN TALUKDER,মোঃ রাজিবুদ্দীন তালুকদার ,MD. RAJIBUDDIN TALUKDER,MRS. FATEMATUS ZOHORA,মিসেস ফাতেমা জোহোরা,2009-11-08,,External,"20/11, TOLERBAG",MIRPUR,DHAKA,1913078908,1913078908,DO B.D. SARIF,DARUS SALAM,DHAKA,FALSE,Male,,,3BG00015,3BF00015,3BM00015
,__export__.education_admission_register_3,Father,6491,,16,B,UMME JAMIL SAMIHA,উম্মে জামিল সামিহা,MD. JAHANGIR HOSSAIN,মোঃ জাহাঙ্গীর হোসেন,MD. JAHANGIR HOSSAIN,SALAHA AKTER,সালেহা আকতার,2009-07-13,,External,"137/12, B-20, PRIONGON, RESIDENCE, 2ND COLONI",MIRPUR,DHAKA,1726074059,1726074059,DO DO,DO,DHAKA,FALSE,Male,,,3BG00016,3BF00016,3BM00016
,__export__.education_admission_register_3,Father,6385,,17,B,ISMITA HAQUE DIA,ইসমিতা হক দিয়া,T M ZAHIRUL HAQ TUHIN,টি এম জহিরুল হক তুহিন,T M ZAHIRUL HAQ TUHIN,TANIA HAQ,তানিয়া হক,2004-07-02,,External,"11/3, STTAF QUARTER",MIRPUR,DHAKA,123456789,123456789,KHANPARA MAGURA,DO,DO,FALSE,Male,,,3BG00017,3BF00017,3BM00017
,__export__.education_admission_register_3,Father,6293,,18,B,YEASHIT ABBDULLAH,ইয়াসিত আবদুল্লাহ,MD. ARIF HOSSAIN,মোঃ আরিফ হোসেন,MD. ARIF HOSSAIN,IRIN SULTANA,আইরিন সুলতানা,2009-09-03,,External,"HOUSE-5, ROAD-4,SEC-1, BIOCK-G",MIRPUR,DHAKA,1956495129,1956495129,DO B.D. SARIF,DARUS SALAM,DHAKA,FALSE,Male,,,3BG00018,3BF00018,3BM00018
,__export__.education_admission_register_3,Father,6301,,19,B,ADRITA HASAN,আর্দিতা হাসান,KAMRAN HASAN,কামরান হাসান,KAMRAN HASAN,NILIMA HASAN,নিলিমা হাসান,2009-10-12,,External,"R-9, H-59, SOUTH BISHIL",MIRPUR,DHAKA,1711167535,1711167535,RUPADOHO NAKOYIL BAZAR,JINAIDOHO,DO,FALSE,Male,,,3BG00019,3BF00019,3BM00019
,__export__.education_admission_register_3,Father,6335,,20,B,ZAIFA ABEDIN JANNAT,জাইফা আবেদিন জান্নাত,MD. JOYNAL ABEDIN,মোঃ জয়নুল আবেদিন,MD. JOYNAL ABEDIN,ZAKIA AKTER,জাকিয়া আকতার,2009-07-26,,External,"9/2/3, NORTH PRER BAGH",MIRPUR,DHAKA,1913511623,1913511623,CHAR NARANDI NARANDI,MONOHORDI,NORSINDI,FALSE,Male,,,3BG00020,3BF00020,3BM00020
,__export__.education_admission_register_3,Father,6305,,21,B,IFTEKHAR UDDOULLA,ইফতেখার উদদৌলা,MD. IMTIAZ UDDULLA,মোঃ ইমতিয়াজ উদদৌলা,MD. IMTIAZ UDDULLA,MST. TAMZIDA KHANAM,মোসাঃ তামজিদা খানম,2009-06-09,,External,"91, GOLARTAK",MIRPUR,DHAKA,1720620460,1720620460,UPSHOHOR SOPURA,BOALI,RAJSHAHI,FALSE,Male,,,3BG00021,3BF00021,3BM00021
,__export__.education_admission_register_3,Father,6359,,22,B,SAIMAH TABASSUM,সায়মা তাবাসসুম,MD. ABDUL JALIL,মোঃ আবদুল জলিল,MD. ABDUL JALIL,SHAKILA SIDDIQUE BITHI,শাকিলা সিদ্দিকী বিথী,2009-09-07,,External,"52/3/B, 2ND FLOOR, AHMED NAGOR",MIRPUR,DHAKA,1911581010,1911581010,HASEMKUTI VATIKAHNA ROAD,DO,BORISAL,FALSE,Male,,,3BG00022,3BF00022,3BM00022
,__export__.education_admission_register_3,Father,6300,,23,B,MISRATUL MEHERAB MAHIN,মিসরাতুল মেহেরাব মাহিন,MD. HAZRAT ALI,মোঃ হযরত আলী,MD. HAZRAT ALI,CHINA AKTER,চায়না আকতার,2010-01-01,,External,"174, SOUTH BISHIL, ROAD-6",MIRPUR,DHAKA,123456789,123456789,DO DO,DO,DHAKA,FALSE,Male,,,3BG00023,3BF00023,3BM00023
,__export__.education_admission_register_3,Father,6467,,24,B,MD. IFTEKHAR HOSSAIN,মোঃ ইফতেখার হোসেন,MD. MASUD HOSSAIN,মোঃ মাসুদ হোসেন,MD. MASUD HOSSAIN,BIBI JOHURA,বিবি জোহরা,2010-12-07,,External,"B-3/6, DHAKA SHIKSHA BOARD STAFF QUERTER",MIRPUR,DHAKA,1712395545,1712395545,PALAKHAN KOCHUA,DO,CHANDPUR,FALSE,Male,,,3BG00024,3BF00024,3BM00024
,__export__.education_admission_register_3,Father,6357,,25,B,ANKAN PAUL SHUVO,আঙ্কন পল শুভ,SWADESH KUMAR PAUL,স্বদেশ কুমার পল,SWADESH KUMAR PAUL,NILIMA RANI PAUL,নিলিমা রানি পল,2009-10-18,,External,"BINA KUNGO, 20, MIDDLE PAIKPARA",MIRPUR,DHAKA,1557053727,1557053727,DO DO,DO,DHAKA,FALSE,Male,,,3BG00025,3BF00025,3BM00025
,__export__.education_admission_register_3,Father,6290,,26,B,SAMSUL AREFIN KHAN,সামিউল আরেফিন খান,MD. JOYNAL ABEDIN KHAN,মোঃ জয়নুল আবেদীন খান,MD. JOYNAL ABEDIN KHAN,KAMRUN NAHAR RIMA,কামরুন নাহার রিমা,2009-11-13,,External,"59/9, SOUTH BISIL",MIRPUR,DHAKA,1741335640,1741335640,PAYERPUR HANUA,BAKERGONJ,BARISAL,FALSE,Male,,,3BG00026,3BF00026,3BM00026
,__export__.education_admission_register_3,Father,6291,,27,B,SAMIYALA ISLAM,শামিয়ালা ইসলাম,"MD, SHAHIDUL ISLAM",মোঃ শহীদুল ইসলাম,"MD, SHAHIDUL ISLAM",NOWRIN SULTANA,নওরিন সুলতানা,2009-04-21,,External,"272/2-D, 1ST KOLONI",MIRPUR,DHAKA,1818665404,1818665404,required Address,,,FALSE,Male,,,3BG00027,3BF00027,3BM00027
,__export__.education_admission_register_3,Father,6360,,28,B,MEFTIHA BINTE FORHAD,মেফতিহা বিনতে ফরহাদ,MOHAMMED FARHAD HOSSAIN,মোহাম্মদ ফরহাদ হোসেন,MOHAMMED FARHAD HOSSAIN,SHIMI YASMIN,শিমি ইয়াসমিন,2009-07-16,,External,"35/A, 3RD COLONY LALKUTHI",MIRPUR,DHAKA,1552309275,1552309275,NISHINTO PUR DO,SHARSHA,JESHORE,FALSE,Male,,,3BG00028,3BF00028,3BM00028
,__export__.education_admission_register_3,Father,6298,,29,B,JANATUL ISALAM THNHA,জান্নাতুল ইসলাম তানহা,MD. ABU DAUD SARKER,মোঃ আবু দাউদ সরকার,MD. ABU DAUD SARKER,ROMA SARKER,রোমা সরকার,2009-01-17,,External,24/18 FLAT,MIRPUR,DHAKA,1674841028,1674841028,PALAKHAL DO,KUCHUYA,CHAND PUR,FALSE,Male,,,3BG00029,3BF00029,3BM00029
,__export__.education_admission_register_3,Father,6302,,30,B,ZUBAIER HOSSAIN,জুবাইর হোসেন,MD. MILON MIAH,মোঃ মিলন মিয়া,MD. MILON MIAH,HALIMA AKTER,হালিমা আক্তার,2009-07-06,,External,"24/22, PAIKPARA STAFF QUARTER",MIRPUR,DHAKA,1830584906,1830584906,MIRARHUDA BISHOYKHALI,DO,JINIDHOHO,FALSE,Male,,,3BG00030,3BF00030,3BM00030
,__export__.education_admission_register_3,Father,6395,,31,B,FARIHA MAHJABEEN RIANA,ফরিহা মেহজাবীন রিয়ানা,GOLAM MOSTAFA,গোলাম মোস্তফা,GOLAM MOSTAFA,KHAIRUN NAHAR,খাইরুন নাহার,2010-01-12,,External,"A1/1, DHAKA SHIKSHA BOARD STAFF QUERTER",MIRPUR,DHAKA,1712951453,1712951453,DO B.D. SARIF,DARUS SALAM,DHAKA,FALSE,Male,,,3BG00031,3BF00031,3BM00031
,__export__.education_admission_register_3,Father,6324,,32,B,MD. ABDUS SUKUR RAFIN,মোঃ আবদুস সুকুর রাফিন,MD. REZAUR RAHMAN,মোঃ রেজাউর রহমান,MD. REZAUR RAHMAN,SULTANA RAZIA,সুলতানা রাজিয়া,2009-06-26,,External,"B-5/6, SHIKSHA BOARD STAFF QUERTER",MIRPUR,DHAKA,1912114464,1912114464,ENAATPUR DO,DO,SERAJGONJ,FALSE,Male,,,3BG00032,3BF00032,3BM00032
,__export__.education_admission_register_3,Father,6555,,33,B,RAJIA SULTANA NADIA,রাজিয়া সুলতানা নাদিয়া,DEWAN MD. ABDUL ROUF,দেওয়ান মোঃ আবদুল রউফ,DEWAN MD. ABDUL ROUF,NIGAR SULTANA JOTHI,নিগার সুলতানা জুথী,2009-09-29,,External,"FLAT-2B1, FEJ-2, 59-D/B, DARUS SALAM TOWER",MIRPUR,DHAKA,123456789,123456789,AMBABTI 2ND TOLA,JELAPARA,PABNA,FALSE,Male,,,3BG00033,3BF00033,3BM00033
,__export__.education_admission_register_3,Father,6316,,34,B,MD. TASHIN SOLAYMAN,মোঃ তাসিন সোলায়মান,MD. ABDUL JALIL,মোঃ আবদুল জলিল,MD. ABDUL JALIL,PAPIYA AKTER,পাপিয়া আকতার,2009-12-17,,External,"84, MIDDLE PAIKPARA",MIRPUR,DHAKA,1720693829,1720693829,DO DO,DO,DHAKA,FALSE,Male,,,3BG00034,3BF00034,3BM00034
,__export__.education_admission_register_3,Father,6349,,35,B,SAMIA JAHAN MUNIA,সামিয়া জাহান মুনিয়া,ALAMGIR HAZI,আলমগীর হাজ্বী,ALAMGIR HAZI,RAKSANA ALAM,রোকসানা আলম,2009-03-15,,External,"72/5 A, BLOCK-F, 3RD COLONY",MIRPUR,DHAKA,123456789,123456789,ENDAKPUR POTUAKHALI,DO,DO,FALSE,Male,,,3BG00035,3BF00035,3BM00035
,__export__.education_admission_register_3,Father,6327,,36,B,WASIF ABDULLAH TEHAMI,ওয়াসিফ আবদুল্লাহ তাহমী,MD. KAMRUL MAJUMDER,মোঃ কামরুল মজুমদার,MD. KAMRUL MAJUMDER,MRS. ROZINA SULTANA,মিসেস রোজিনা সুলতানা,2009-12-31,,External,"B-8/5, DHAKA SHIKSHA BOARD STAFF QUERTER",MIRPUR,DHAKA,1714881196,1714881196,SAYA GOBINDA NATUN PARA SIRAJGONJ,DO,DO,FALSE,Male,,,3BG00036,3BF00036,3BM00036
,__export__.education_admission_register_3,Father,6338,,37,B,NUSRAT JAHAN ATHOI,নুসরাত জাহান আথৈ,ASADUJJAMAN,আসাদুজ্জামান,ASADUJJAMAN,NASRIN JAMAN,নাসরিন জামান,2009-07-14,,External,"123/2, SOUTH BISHIL",MIRPUR,DHAKA,1743764692,1743764692,ARPARA SIRGRAM,ALFADHANGA,FARID PUR,FALSE,Male,,,3BG00037,3BF00037,3BM00037
,__export__.education_admission_register_3,Father,6377,,38,B,MD. SIMUM KHAN (AYON),মো। সিমূম খান (অয়ন),MD. ENAMUL KHAN,মোঃ এনামুল খান,MD. ENAMUL KHAN,MOST. NAZNIN NAHER,মোসাঃ নাজনিন নাহার,2009-01-18,,External,"18/19, PAIKPARA",MIRPUR,DHAKA,1910938952,1910938952,DO B.D. SARIF,DARUS SALAM,DHAKA,FALSE,Male,,,3BG00038,3BF00038,3BM00038
,__export__.education_admission_register_3,Father,6296,,39,B,MUKTAR AHMED SHOHAN,মুকতার আহমেদ সোহান,MUKTAR AHMED SHOHAN,মুকতার আহমেদ শোহান,MUKTAR AHMED SHOHAN,MD. BORHAN UDDIN,মোঃ বোরহান উদ্দিন,2009-09-01,,External,"H-100, R-4, SOUTH BISHIL",MIRPUR,DHAKA,123456789,123456789,MORICHAL GULERHUT,PIROJPUR,DO,FALSE,Male,,,3BG00039,3BF00039,3BM00039
,__export__.education_admission_register_3,Father,6332,,40,B,IRIN SULTANA SADIA,আইরিন সুলতানা সাদিয়া,DEWAN MD. ABDUL ROUF,দেওয়ান মোঃ আবদুল রউফ,DEWAN MD. ABDUL ROUF,NIGAR SULTANA JOTHI,নিগার সুলতানা জুথী,2009-08-29,,External,"FLAT-2B1, FAGE-2, 59/D/B, DARUS SALAM TAWER",MIRPUR,DHAKA,123456789,123456789,SINGASER AMIN BAZAER,SAVER,DHAKA,FALSE,Male,,,3BG00040,3BF00040,3BM00040
,__export__.education_admission_register_3,Father,6340,,41,B,NOSHIN ANJUM,নশিন আঞ্জুম,MD. KAMRUL ISLAM,মোঃ কামরুল ইসলাম,MD. KAMRUL ISLAM,RABEYA AKTAR,রাবেয়া আকতার,2009-10-27,,External,1/2-A TOLER BAG,MIRPUR,DHAKA,1914877339,1914877339,JAFOR PUR CHUADHANGA,DO,DO,FALSE,Male,,,3BG00041,3BF00041,3BM00041
,__export__.education_admission_register_3,Father,7362,,42,B,MANHA ZAMAN,মানহা জামান,MD. KAMRUZZAMAN,মোঃ কামরুজ্জামান,MD. KAMRUZZAMAN,MRS. YEASMIN JAHAN,মিসেস ইয়াসমিন জাহান,2010-07-02,,External,"148, SOUTH BISHIL",MIRPUR,DHAKA,1674905373,1674905373,SHALLA GOTIA PAK KESHOAR GONJ,SUDARAM,NOAKHALI,FALSE,Male,,,3BG00042,3BF00042,3BM00042
,__export__.education_admission_register_3,Father,7385,,43,B,ANIQA TASNIM RAISA,আনিকা তাসনিম রাইসা,required name,প্রয়োজনীয় নাম,required name,required name,প্রয়োজনীয় নাম,2010-02-09,,External,required address,MIRPUR,DHAKA,123456789,123456789,SINGASIR AMIN BAZER,SAVER,DHAKA,FALSE,Male,,,3BG00043,3BF00043,3BM00043
