id,register_id/id,guardian_relation,student_id,roll_no,section,gender,name,name_b,father_name,father_name_b,guardian_name,mother_name,mother_name_b,date_of_birth,student_category,street,street2,city,father_mobile,per_street,per_street2,per_city,is_same_address,religion_id/id,guardian_NID,father_NID,mother_NID
,__export__.education_admission_register_4,Father,5855,1,B,Female,NISHAT TABASSUM NIDHI,নিশাত তাবাসসুম নিধি,A.B.M NIZAM UDDIN,এবিএম নিজাম উদ্দিন,A.B.M NIZAM UDDIN,FARIA SULTANA,ফারিয়া সুলতানা,2009-12-31,External,"B-5/5, SHIKSHA BOARD STAFF QUERTER",MIRPUR,DHAKA,1714328417,BADDYER KHILL CHOUDDAGRAM,DO,COMILLA,FALSE,,C4ABCF0001,C4ABCG0001,C4ABCM0001
,__export__.education_admission_register_4,Father,5949,2,B,Female,TASNIA CHOWDHURY,তাসনিয়া চৌধুরী,MD. NURUN NABI CHOWDHURY,মোঃ নূর নবী চৌধুরী,MD. NURUN NABI CHOWDHURY,TAHAMINA AKHTER,তাহমিনা আকতার,2008-07-24,External,"304/1-C, AHMED NAGAR",MIRPUR,DHAKA,1711261528,KAMAR KHALI DO,MODHUKHALI,FARIDPUR,FALSE,,C4ABCF0002,C4ABCG0002,C4ABCM0002
,__export__.education_admission_register_4,Father,5826,3,B,Female,GITIKA SIKDER,গীতিকা সিকদার,KARTICK CHANDRA SIKDER,কার্তিক চন্দ্র সিকদার,KARTICK CHANDRA SIKDER,RITA RANI SARKER,রিতা রানি সরকার,2008-10-11,Internal,"1/1/3-A, TOLER BAGH",MIRPUR,DHAKA,123456789,PACHGOAN DO,TONGIBARI,MUNSHIGONJ,FALSE,,C4ABCF0003,C4ABCG0003,C4ABCM0003
,__export__.education_admission_register_4,Father,5864,4,B,Female,MUSARRAT CHOWDHURY LUBABA,মুশাররাত চৌধুরী লুবাবা,MD. OMAR FARUK CHOWDHURY,মোঃ ওমর ফারুক চৌধুরী,MD. OMAR FARUK CHOWDHURY,ZAKIA SULTANA,জাকিয়া সুলতানা,2009-03-04,External,"B/4, AL KAMAL HOUSING",MIRPUR,DHAKA,8061295,DO MIRPUR,DO,DHAKA,FALSE,,C4ABCF0004,C4ABCG0004,C4ABCM0004
,__export__.education_admission_register_4,Father,6525,5,B,Female,FARIHA TASNIM,ফারিহা তাসনিম,MUHAMMAD ABDUL MATION,মোহাম্মদ আবদুল মাতিয়ন,MUHAMMAD ABDUL MATION,HASINA AFROZ,হাসিনা আফরোজ,2008-06-01,External,"H-57, R-9, SOUTH BISHIL",MIRPUR,DHAKA,1817201464,DEVISINGPUR KUTUBHUT,SENBAGH,NOAKHALI,FALSE,,C4ABCF0005,C4ABCG0005,C4ABCM0005
,__export__.education_admission_register_4,Father,5890,6,B,Female,MITHILA RAHA,মিথিলা রাহা,RAMLAL RAHA,রামলাল রাহা,RAMLAL RAHA,SHEULEE RANI DHALI,শিউলি রানী ঢালী,2009-12-11,External,"23/1/A, SHAH ALI BAG",MIRPUR,DHAKA,1710877675,TALTOLA ALIPUR,RUPSHA,KHULNA,FALSE,,C4ABCF0006,C4ABCG0006,C4ABCM0006
,__export__.education_admission_register_4,Father,6523,7,B,Female,SAMIHA TARANNUM (NIDHY),সামিহা তারাননুম (নিধি,MD. ABDUL MATIN,মোঃ আবুল মতিন,MD. ABDUL MATIN,SHIMUL AKTER,শিমুল আক্তার,2008-12-27,External,4/5/1 SOUTH BISHIL,MIRPUR,DHAKA,1613015112,JAGOTPUR MIRPUR,CHANDRAGONG,LUXMIPUR,FALSE,,C4ABCF0007,C4ABCG0007,C4ABCM0007
,__export__.education_admission_register_4,Father,5892,8,B,Female,NUR-E-JANNAT,নূর-ই-জান্নাত,MUHAMMAD KAMAL HOSSAIN MOJUMDER,মুহাম্মদ কামাল হোসেন মজুমদার,MUHAMMAD KAMAL HOSSAIN MOJUMDER,JANNATUL FERDOUS,জান্নাতুল ফেরদৌস,2009-12-22,External,"B-7/6, DHAKA SHIKSHA BOARD STAFF QUERDER",MIRPUR,DHAKA,1731302108,GOSAIPUR FULGAZI,DO,FENI,FALSE,,C4ABCF0008,C4ABCG0008,C4ABCM0008
,__export__.education_admission_register_4,Father,5870,9,B,Female,JAFREEN SULTANA JISHA,জাফরিন সুলতানা জিশা,MD. ABU JAFAR,মোঃ আবু জাফর,MD. ABU JAFAR,REHANA BEGUM RINA,রেহানা বেগম রিনা,2007-12-06,External,"334/A, AHMED NAGAR",MIRPUR,DHAKA,1718665225,WEST BATABARIA IQUBAL NAGAR,MONOHOR GONJ,COMILLA,FALSE,,C4ABCF0009,C4ABCG0009,C4ABCM0009
,__export__.education_admission_register_4,Father,5856,10,B,Female,JANNATUL FERDAUS URMI,জান্নাতুল ফেরদৌস উর্মি,MD. JASIM UDDIN,মোঃ জসিম উদ্দিন,MD. JASIM UDDIN,AYESHA AKTER,আয়েশা আক্তার,2009-03-02,External,"B-1/2, DHAKA SHIKSHA BOARD STAFF QUERTER",MIRPUR,DHAKA,1815711477,NATEHORA KASHEMABAD,HAZIGONJ,CHANDPUR,FALSE,,C4ABCF0010,C4ABCG0010,C4ABCM0010
,__export__.education_admission_register_4,Father,5877,11,B,Female,MAISHA AKTER,মাইশা আকতার,MD. MAINUL HOSSAIN,মোঃ মাইনুল হোসেন,MD. MAINUL HOSSAIN,NAJMIN NAHER,নাজমিন নাহার,2009-12-07,External,"16/C, TOLER BAGH",MIRPUR,DHAKA,1716586382,MAHARAJPUR RANIGONJ,KOTOALI,DINAJPUR,FALSE,,C4ABCF0011,C4ABCG0011,C4ABCM0011
,__export__.education_admission_register_4,Father,5841,12,B,Female,MUSHFIKA KHAN NUHA,মুশফিকা খান নুহা,MOHAMMAD AL MAMUN KHAN,মোহাম্মদ আল মামুন খান,MOHAMMAD AL MAMUN KHAN,SALEHA NUR,সালেহা নূর,2008-12-11,Internal,DHAKA SHIKSHA BOARD LABORATORY SCHOOL AND COLLEGE,MIRPUR,DHAKA,1718946301,BARTHA BANIBOHO,SADAR,RAJBARI,FALSE,,C4ABCF0012,C4ABCG0012,C4ABCM0012
,__export__.education_admission_register_4,Father,5849,13,B,Female,RUBAIYAT JANNAT RAFA,রুবায়েত জান্নাত রাফা,MOHAMMAD RAFIQUL ALAM,মোহাম্মদ রফিকুল আলম,MOHAMMAD RAFIQUL ALAM,FATEMA ALAM,ফাতেমা আলম,2008-06-25,External,"367/1, AHMED NAGAR, PAIKPARA",MIRPUR,DHAKA,1673141411,DUBDHANGA CHINADUKUDIA,ULLAPARA,SIRAJGONJ,FALSE,,C4ABCF0013,C4ABCG0013,C4ABCM0013
,__export__.education_admission_register_4,Father,5823,14,B,Female,DILSHAD JAHAN,দিলশান জাহান,DELOWER HOSSEN,দেলোয়ার হোসেন,DELOWER HOSSEN,JAHANARA BEGUM,জাহানারা বেগম,2009-01-01,External,"10-G/5, TOLER BAGH",MIRPUR,DHAKA,1924592832,HEWLABUBIA DO,BORGUNA,BORGUNA,FALSE,,C4ABCF0014,C4ABCG0014,C4ABCM0014
,__export__.education_admission_register_4,Father,5926,15,B,Female,SMMIYA MOULY,সিম্মিয়া মৌলি,MD. HASANUZZMAN,মোঃ হাসানুজ্জামান ,MD. HASANUZZMAN,JESMIN AKTER,জেসমিন আক্তার,2009-01-07,External,"41, MIDDLE PAIKPARA",MIRPUR,DHAKA,1718709541,KARAIL BAMIL,PZTNI TALA,NOWGOAN,FALSE,,C4ABCF0015,C4ABCG0015,C4ABCM0015
,__export__.education_admission_register_4,Father,5906,16,B,Female,TAJKIA BINTE MAHABUB,তাজিকিয়া বিনতে মাহবুব,MD. MAHABUBUR RAHMAN,মোঃ মাহাবুবুর রহমান,MD. MAHABUBUR RAHMAN,UMME ZAKIA SULTANA,উম্মে জাকিয়া সুলতানা,2007-12-11,External,"2/16, TOLER BAG R/S",MIRPUR,DHAKA,1756188265,SHEK PARA BATASHI SIFOR BAR,LOHAGORA,NORAIL,FALSE,,C4ABCF0016,C4ABCG0016,C4ABCM0016
,__export__.education_admission_register_4,Father,5839,17,B,Female,KASHFIA AHMED KANON,কাশফিয়া আহমেদ কানন,MD. SALIM AHMED,মোঃ সেলিম আহমেদ,MD. SALIM AHMED,TASLIMA MONI,তাসলিমা মনি,2009-09-03,External,"22/4, JOHURABAD, DARUS SALAM",MIRPUR,DHAKA,1715332927,ALONKER PUR DO,BALIAKANDI,RAJBARI,FALSE,,C4ABCF0017,C4ABCG0017,C4ABCM0017
,__export__.education_admission_register_4,Father,5835,18,B,Female,DEBOSMITA TARAFDER,দেবসমিতা তরফদার,NITISH TARAFDER,নিতিশ তরফদার,NITISH TARAFDER,SHIKHA MANDOL,শিখা মন্ডল,2009-05-01,External,"101, ANSWER CAMP STAFF QUERTER",MIRPUR,DHAKA,1535518463,HELACHIRA DO,GIOUR,MANIKGONJ,FALSE,,C4ABCF0018,C4ABCG0018,C4ABCM0018
,__export__.education_admission_register_4,Father,5863,19,B,Female,SANIMUN SALEH,সানিমুন সালেহ,MD. SALEHUDDIN,মোঃ সালেহ উদ্দিন,MD. SALEHUDDIN,MARUFA AKHTER,মারুফা আখতার,2008-09-15,External,"ABOKASH, 348/1, AHMED NAGAR PAIKPARA",MIRPUR,DHAKA,1726444592,MAULTOLA KOWRIA,SADAR,BARISAL,FALSE,,C4ABCF0019,C4ABCG0019,C4ABCM0019
,__export__.education_admission_register_4,Father,5867,20,B,Female,MIFTAHUL JANNAT,মিফতাহুল জান্নাত,SULTAN NASIR UDDIN,সুলতান নাসির উদ্দিন,SULTAN NASIR UDDIN,NASRIN SULTANA,নাসরিন সুলতানা,2008-05-20,External,"130/3, PAIKPARA C TIPE COLONI",MIRPUR,DHAKA,123456789,TANGIR KANDA AL-AMIN EATIM KH,JAMALPUR,JAMALPUR,FALSE,,C4ABCF0020,C4ABCG0020,C4ABCM0020
,__export__.education_admission_register_4,Father,5888,21,B,Female,ZAKIA SULTANA URMI,জাকিয়া সুলতানা উর্মি,ZAKIR HOSSAIN,জাকির হোসেন,ZAKIR HOSSAIN,JAINAB ISLAM BITHI,জয়নাব ইসলাম বিথী,2009-12-25,External,B-1/8 DHAKA SHIKSHA BOARD STAFF QUERTER,MIRPUR,DHAKA,1762523614,SHEKHOR DO,BOALMARI,FARIDPUR,FALSE,,C4ABCF0021,C4ABCG0021,C4ABCM0021
,__export__.education_admission_register_4,Father,5840,22,B,Female,NUSRAT JAHAN,নুসরাত জাহান,MUHAMMAD NURUL ISLAM,মোহাম্মদ নূরুল ইসলাম,MUHAMMAD NURUL ISLAM,ASMA BEGUM,আসমা বেগম,2008-08-01,External,"353/3/1, AHMED NAGAR, PAIKPARA",MIRPUR,DHAKA,1731006257,TILLY DO,SATURIA,MANIKGONJ,FALSE,,C4ABCF0022,C4ABCG0022,C4ABCM0022
,__export__.education_admission_register_4,Father,5819,23,B,Female,SIMIN ARA,সিমিন আরা,MD. SAIFUL ISLAM,মোঃ সাইফুল ইসলাম,MD. SAIFUL ISLAM,AFROZA AKTER,আফরোজা আক্তার,2009-08-02,Internal,"8//B/23/4, MIDDLE PAIKPARA",MIRPUR,DHAKA,1812017411,DO MIRPUR,DO,DHAKA,FALSE,,C4ABCF0023,C4ABCG0023,C4ABCM0023
,__export__.education_admission_register_4,Father,5880,24,B,Female,MAHZABIN MAHMUD MEGHLA,মেহজাবিন মাহমুদ মেঘলা,TANVIR MAHMUD SUMON,তানভীর মাহমুদ সুমন,TANVIR MAHMUD SUMON,FARZANA AMIN LIZA,ফারজানা আমিন লিজা,2008-07-30,External,"B-11/6, DHAKA SHIKSHA BOARD STAFF QUERTER",MIRPUR,DHAKA,1729798619,ATONG PALONG,DO,SHARIATPUR,FALSE,,C4ABCF0024,C4ABCG0024,C4ABCM0024
,__export__.education_admission_register_4,Father,5860,25,B,Female,SAIDA SAFIA,সাইদা সাফিয়া,MD. REAZ AHMED,মোঃ রিয়াজ আহমেদ,MD. REAZ AHMED,AYESHA AKTER,আয়েশা আক্তার,2008-08-02,External,"7/1,MIDDLE PAIKPARA, ANSWER CAMP",MIRPUR,DHAKA,1713240732,SOUTH SHAMPUR DAYRA SHARIF,RAMGONJ,LAXMIPUR,FALSE,,C4ABCF0025,C4ABCG0025,C4ABCM0025
,__export__.education_admission_register_4,Father,5931,26,B,Female,MASKURA TAIEBA,মাস্কুরা তায়েব,MOHAMMAD NUR-E- ALAM,মোহাম্মদ নূর-ই-আলম,MOHAMMAD NUR-E- ALAM,SAHIDA ALAM,শাহিদা আলম,2009-11-22,Internal,"69/4, DARUS SALAM",MIRPUR,DHAKA,1732940142,DO MIRPUR,DO,DHAKA,FALSE,,C4ABCF0026,C4ABCG0026,C4ABCM0026
,__export__.education_admission_register_4,Father,5935,27,B,Female,SNEHA RAHMAN,¯েœহা রহমান,MD. ASHADUR RAHMAN,মোঃ আশাদুর রহমান,MD. ASHADUR RAHMAN,FAHIMA AKTER,ফাহিমা আক্তার,2008-11-17,External,"17/6-A, MIDDLE PAIKPARA",MIRPUR,DHAKA,1716720746,SOTO BAKULA DO,GOALONDA,RAJBARI,FALSE,,C4ABCF0027,C4ABCG0027,C4ABCM0027
,__export__.education_admission_register_4,Father,5948,28,B,Female,MALIHA AFRIN,মালিহা আফরিন,MD. KAMRUZZAMAN MONTU,মোঃ কামরুজ্জামান মন্টু,MD. KAMRUZZAMAN MONTU,ASIA KHATUN,আসিয়া খাতুন,2008-02-03,External,"121/2, JONAKI ROAD, AHMED NAGAR, PAIKPARA",MIRPUR,DHAKA,1715783060,MADHUPUR NARUA,BALIAKANDI,RAJBARI,FALSE,,C4ABCF0028,C4ABCG0028,C4ABCM0028
,__export__.education_admission_register_4,Father,5905,29,B,Female,NISHAT ANJUM ARPITA,নিশাত আঞ্জুম অর্পিতা,KHALED MUHAMMED SAIFULLAH,খালেদ মুহাম্মদ সাইফুল্লাহ,KHALED MUHAMMED SAIFULLAH,MAHERUN NASSA BEGUM,মেহেরুন নেসা বেগম,2008-11-07,External,"18, MIDDLE PAIKPARA",MIRPUR,DHAKA,1736041587,DO MIRPUR,DO,DHAKA,FALSE,,C4ABCF0029,C4ABCG0029,C4ABCM0029
,__export__.education_admission_register_4,Father,5822,30,B,Female,TABASSUM TAHSIN TUBA,তাবাসসুম চেšধুরী তুবা,MD. MAHABUB SIKDER,মোঃ মাহাবুব শিকদার,MD. MAHABUB SIKDER,AYESHA AKTER,আয়েশা আক্তার,2009-12-14,External,"124/3, ANSWER CAMP STAFF QUERTER",MIRPUR,DHAKA,1913474547,SOUTH ALEKANDA BARISAL SADAR,DO,BARISAL,FALSE,,C4ABCF0030,C4ABCG0030,C4ABCM0030
,__export__.education_admission_register_4,Father,5846,31,B,Female,MIS. AFIA ADIBA,ুমিস আফিয়া আদিবা,KAZI MD. HEMAYET UDDIN,কাজী মোঃ হেমায়েত উদ্দিন,KAZI MD. HEMAYET UDDIN,MOST. MARIUM AKTER KUMKUM,মোসাঃ মরিয়ম আক্তার কুমকুম,2008-08-19,External,"HOUSE NO-42, ROAD NO-11, NORTH BISHIL",MIRPUR,DHAKA,1720380522,KHOYRABAD DO,BAKERGONJ,BARISAL,FALSE,,C4ABCF0031,C4ABCG0031,C4ABCM0031
,__export__.education_admission_register_4,Father,6038,32,B,Female,PRIYANKA  PAUL,প্রিয়াঙ্কা পল,TAPAN KUMAR PAUL,তপন কুমার পল,TAPAN KUMAR PAUL,SHILPI RANI PAUL,শিল্পি রানী পল,2009-06-19,External,"48/12, WALK-UP GOVT COLONI",MIRPUR,DHAKA,1711172937,BOROBOYRA PAUL PARA KHULNA,KHALISH PUR,KHULNA,FALSE,,C4ABCF0032,C4ABCG0032,C4ABCM0032
,__export__.education_admission_register_4,Father,5861,33,B,Female,JANNATI REZA BRISTI,জান্নাতি রেজা বৃষ্টি,MD. REZAUL KARIM,মোঃ রেজাউল করিম,MD. REZAUL KARIM,MST. FOURA BEGUM,মোসাঃ ফৌরা বেগম,2009-02-01,External,TINSHED D- TIPE COLONI,MIRPUR,DHAKA,1923703361,SATANI KHADULI PEER HATI,DUNOT,BOGURA,FALSE,,C4ABCF0033,C4ABCG0033,C4ABCM0033
,__export__.education_admission_register_4,Father,5853,34,B,Female,TAHRIMA MUMTAHIN,তাহরিমা মুমতাহিন,SHAZZADUR RAHMAN,শাজ্জাদুর রহমান,SHAZZADUR RAHMAN,SALMA AKTER,সালমা আক্তার,2008-04-15,External,"B-3/3, SHIKSHA BOARD STAFF QUERTER",MIRPUR,DHAKA,1914736442,DO B.D. SARIF,DARUS SALAM,DHAKA,FALSE,,C4ABCF0034,C4ABCG0034,C4ABCM0034
,__export__.education_admission_register_4,Father,5832,35,B,Female,EKAMONI,একামনি,MD. ABUL KASHEM,মোঃ আবুল কাশেম,MD. ABUL KASHEM,FARIDA BEGUM,ফরিদা বেগম,2008-07-10,External,"248/6-A, HOSSAIN MAHAL, 2ND COLONI, MAZER ROAD",MIRPUR,DHAKA,1715698458,KOCHUAKHALI GAZARIA,LALMOHON,VOLLA,FALSE,,C4ABCF0035,C4ABCG0035,C4ABCM0035
,__export__.education_admission_register_4,Father,5912,36,B,Female,BUSRA ALOM,বুশরা আলম,SAFIQUL ALOM,শফিকুল আলম,SAFIQUL ALOM,NAZMA AKTER,নাজমা আক্তার,2008-10-13,External,"6/2, ROAD-11, SOUTH BISIL",MIRPUR,DHAKA,1819487653,DO B.D. SARIF,DARUS SALAM,DHAKA,FALSE,,C4ABCF0036,C4ABCG0036,C4ABCM0036
,__export__.education_admission_register_4,Father,5955,37,B,Female,MS. SABRINA AKTER SAMIA,মিস. সাবরিনা আকতার সামিয়া,MD. SHAZAHAN,মোঃ শাজাহান,MD. SHAZAHAN,NASIMA AKTER ZHARNA,নাসিমা আক্তার ঝর্ণা,2008-11-01,Internal,"HOUSE NO-4, BUILDING NO-32, WAK UP COLONI",MIRPUR,DHAKA,1552365064,SATBARIA MOTIGONJ,SONAGAZI,FENI,FALSE,,C4ABCF0037,C4ABCG0037,C4ABCM0037
,__export__.education_admission_register_4,Father,5838,38,B,Female,NUSRAT JAHAN TASNIM,নুসরাত জহান তাসনিম,MD. ABDUL JABBAR,মোঃ আবদুল জব্বার,MD. ABDUL JABBAR,NURJAHAN BEGUM,নুরুজ্জামান বেগম,2008-04-14,External,"15/1, TOLER BAGH",MIRPUR,DHAKA,1730164920,DO B.D SARIF,DARUS SALAM,DHAKA,FALSE,,C4ABCF0038,C4ABCG0038,C4ABCM0038
,__export__.education_admission_register_4,Father,5909,39,B,Female,JANNATUL MAHI,জান্নাতুল মাহী,MD. HAMID,মোঃ হামিদ,MD. HAMID,NASIMA ISLAM,নাসিমা ইসলাম,2009-03-17,External,113 NO SOUTH BISIL,MIRPUR,DHAKA,1827776533,DO B.D. SARIF,DARUS SALAM,DHAKA,FALSE,,C4ABCF0039,C4ABCG0039,C4ABCM0039
,__export__.education_admission_register_4,Father,6037,40,B,Female,SADIA DOHA SNEHA,সাদিয়া দোহা ¯েœহা,ABDUL KHALEQUE,আবদুল খালেক,ABDUL KHALEQUE,MAKSUDA BEGUM,মাকসুদা বেগম,2008-10-15,External,"340, AHMED NAGAR",MIRPUR,DHAKA,1912915950,CHAR BHANGA DO,SHAKHIPUR,SARIATPUR,FALSE,,C4ABCF0040,C4ABCG0040,C4ABCM0040
,__export__.education_admission_register_4,Father,6388,41,B,Female,NUSRAT ZAHAN ALVE,নুসরাত জাহান আলভি,MD. SHAH ALAM,মোঃ শাহ আলম,MD. SHAH ALAM,LUBNA,লুবনা,2007-12-27,External,"138/1/A, SOUTH BISHIL",MIRPUR,DHAKA,1756994145,MONAIKANDI BOARO GAZIPUR,TITASH,COMILLA,FALSE,,C4ABCF0041,C4ABCG0041,C4ABCM0041
,__export__.education_admission_register_4,Father,5908,42,B,Female,SANJANA TUJMA SINTHIA,সঞ্জয় তুজমা সিনথিয়া,MD. SHAHEB ALI,মোঃ শাহেব আলী,MD. SHAHEB ALI,SARMIN AKTER,সারমিন আকতার,2007-11-09,External,"15/E, LALKUTI 1ST COLONI",MIRPUR,DHAKA,1724801790,BOHOR KATI UZIRPUR,DO,BORISAL,FALSE,,C4ABCF0042,C4ABCG0042,C4ABCM0042
,__export__.education_admission_register_4,Father,5930,43,B,Female,SIDRATUL MURSAHA,সিদরাতুল মুরসাহা,MOHAMMAD HOSSAIN,মোহাম্মদ হোসেন,MOHAMMAD HOSSAIN,NAZMUN NAHAR SUBARNA,নাজমুন নাহার সুবর্ণ,2009-08-10,Internal,"HOUSE NO-57, ROAD NO-9, SOUTH BISIL",MIRPUR,DHAKA,1715019360,PODIPARA DO,SONAIMURI,NOAKHALI,FALSE,,C4ABCF0043,C4ABCG0043,C4ABCM0043
,__export__.education_admission_register_4,Father,5936,44,B,Female,INTAFA JANNAT SAFA,ইন্তেফা জান্নাত সাফা,MD. SHAMSUDDIN,মোঃ শামসুদ্দিন,MD. SHAMSUDDIN,JZNNZATUN NAHAR JOLY,জান্নাজাতুন নাহার জলি,2009-09-19,External,"44/3-A, MIDDLE PAIKPARA",MIRPUR,DHAKA,1712703357,PATUYA PARA GOGOR,PEERGONJ,THAKUR GOAN,FALSE,,C4ABCF0044,C4ABCG0044,C4ABCM0044
,__export__.education_admission_register_4,Father,5895,45,B,Female,ANIKA AKAND SHYMA,আনিকা আকন্দ শায়মা,MD. SALIM AKAND,মোঃ সেলিম আকন্দ,MD. SALIM AKAND,JANNATUL FERDOS RASMA,জান্নাজাতুল ফেরদৌস রেশমা,2009-03-02,External,DHAKA SHIKSHA BOARD STAFF QUERTER,MIRPUR,DHAKA,1720071804,PAIKSHA MIDDLE PARA,KOTIADI,KISHORGONJ,FALSE,,C4ABCF0045,C4ABCG0045,C4ABCM0045
,__export__.education_admission_register_4,Father,5833,46,B,Female,NABILA TABASSUM,নাবিলা তাবাসসুম,MD. ABUL BASHER,মোঃ আবুল বাসার,MD. ABUL BASHER,NURUNNAHAR,নুরুন্নাহার,2008-10-12,External,"C-6/10, DHAKA SHIKSHA BOARD STAFF QUERTER",MIRPUR,DHAKA,1727289218,ISLAMPUR DO,LAXMIPUR,DO,FALSE,,C4ABCF0046,C4ABCG0046,C4ABCM0046
,__export__.education_admission_register_4,Father,5830,47,B,Female,TUFSA AHMED OPORNA,তাফসা আহমেদ অপর্না,MD. ALI AHMED,মোঃ আলী আহমেদ,MD. ALI AHMED,SATHI AHMED,সাথী আহমেদ,2008-02-12,External,"1/E,2/3, KOWL WALA PARA",MIRPUR,DHAKA,1818553430,DO MIRPUR,DO,DHAKA,FALSE,,C4ABCF0047,C4ABCG0047,C4ABCM0047
,__export__.education_admission_register_4,Father,5913,48,B,Female,AYSHA ALAM EITY,আয়েশা আলম ইতি,MD. ZIKRUL ALAM,মোঃ জিকরুল আলম,MD. ZIKRUL ALAM,ALEYA ALAM,অ্যালেয়া আলম,2008-03-27,External,"279/1/KA, AHMED NAGAR, PAIKPARA",MIRPUR,DHAKA,1912099758,MANGAL PUR BORODIA,LOHAGARA,NARIL,FALSE,,C4ABCF0048,C4ABCG0048,C4ABCM0048
,__export__.education_admission_register_4,Father,5938,49,B,Female,MST. SAIMA ISLAM SOVA,মোসাঃ সাইমা ইসলাম সোভা,MD. SAIFUL ISLAM,মোঃ সাইফুল ইসলাম,MD. SAIFUL ISLAM,MST. SABINA SULTANA ZENI,মোসাঃ সাবিনা সুলতানা জেনি,2008-11-30,External,"19/G-2, NORTH TOLER BAG",MIRPUR,DHAKA,1814317127,GOBINDA PUR JUKTIKHOLA BAZER,CHADDA GRAM,COMILLA,FALSE,,C4ABCF0049,C4ABCG0049,C4ABCM0049
,__export__.education_admission_register_4,Father,6535,50,B,Female,SAIMA HOSSAIN SUMAIYA,সায়মা হোসেন সুমাইয়া,MD. ALAMGIR HOSSAIN,মোঃ আলমগীর হোসেন,MD. ALAMGIR HOSSAIN,SHARMIN ALAM,শারমিন আলম,2009-11-04,External,"163/1/A, SOUTH BISHIL",MIRPUR,DHAKA,1711825502,DO MIRPUR,DO,DHAKA,FALSE,,C4ABCF0050,C4ABCG0050,C4ABCM0050
,__export__.education_admission_register_4,Father,5927,51,B,Female,JANNATUL FERDOUS RUPA,জান্নাতুল ফেরদৌস রুপা,MD. RAFIQUL ALAM,মোঃ রফিকুল আলম,MD. RAFIQUL ALAM,MOSHAMMAT PARVIN AKTER,মোসাম্মৎ পারভীন আক্তার,2009-10-23,External,"26/3, MIDDLE PAIKPARA",MIRPUR,DHAKA,1727615599,DO MIRPUR,DO,DHAKA,FALSE,,C4ABCF0051,C4ABCG0051,C4ABCM0051
,__export__.education_admission_register_4,Father,7357,52,B,Female,RABEYA JAHAN,রাবেয়া জাহান,MOHAMMAD RASHEDUZZAMAN,মোহাম্মদ রাশেদুজ্জামান,MOHAMMAD RASHEDUZZAMAN,ZULEKHA AKTERE,জুলেখা আক্তারী,2009-06-02,External,"1590, PATER BAG, SOUTH DONIA, KADAMTOLI",KADAMTOLI,DHAKA,1911204259,KABIR KATI DO,BAWFALL,PATUAKHALI,FALSE,,C4ABCF0052,C4ABCG0052,C4ABCM0052
,__export__.education_admission_register_4,Father,7366,53,B,Female,ADRITA SULTANA AZAD,অর্দিতা সুলতানা আজাদ,ABUL KALAM AZAD,আবুল কালাম আজাদ,ABUL KALAM AZAD,SHEIKH SULTANA HAQUE,শেখ সুলতানা হক,2009-12-30,External,"343/1/A, AHMED NAGAR PAIKPARA",MIRPUR,DHAKA,1914117081,ADAMPUR BETAL,KOTIADI,KISHORGONJ,FALSE,,C4ABCF0053,C4ABCG0053,C4ABCM0053
,__export__.education_admission_register_4,Father,7367,54,B,Female,EUSHA SALAM SADIA,ইউশা সালাম সাদিয়া,ABDUS SALAM SALIM,আবদুস সালাম সেলিম,ABDUS SALAM SALIM,KHALEDA AKTER,খালেদা আক্তার,2009-07-25,External,"47/5, SOUTH BISHIL",MIRPUR,DHAKA,1911042357,BRAMON CHAK NISHINTOPUR,MATLOB NORTH,CHAND PUR,FALSE,,C4ABCF0054,C4ABCG0054,C4ABCM0054
,__export__.education_admission_register_4,Father,7369,55,B,Female,NUSRAT JAHAN NUHA,নুসরত জাহান নুহা,MD. IBRAHIM,মোঃ ইব্রাহিম,MD. IBRAHIM,NASRIN AKTER,নাসরিন আক্তার,2008-04-17,Internal,"1/E, 7/7, MIRPUR",MIRPUR,DHAKA,1747663521,DO MIRPUR,SHAH ALI,DHAKA,FALSE,,C4ABCF0055,C4ABCG0055,C4ABCM0055
,__export__.education_admission_register_4,Father,7375,56,B,Female,SAMIA ZAMAN,সামিয়া জামান,required name,প্রয়োজনীয় নাম,required name,required name,প্রয়োজনীয় নাম,2008-10-15,Internal,required address ,MIRPUR,DHAKA,123456789,required address ,,,FALSE,,C4ABCF0056,C4ABCG0056,C4ABCM0056
,__export__.education_admission_register_4,Father,7397,57,B,Female,MST. TUSRAT JAHAN MITHILA,মোসাঃ তুষরাত জাহান মিথিলা,required name,প্রয়োজনীয় নাম,required name,required name,প্রয়োজনীয় নাম,2008-12-05,External,required address ,MIRPUR,DHAKA,123456789,required address ,,,FALSE,,C4ABCF0057,C4ABCG0057,C4ABCM0057
,__export__.education_admission_register_4,Father,7403,58,B,Female,MOST. ELMA BINTE MAMUN,মোসাঃ এলমা বিনতে মামুন,required name,প্রয়োজনীয় নাম,required name,required name,প্রয়োজনীয় নাম,2009-11-17,External,required address ,MIRPUR,DHAKA,123456789,required address ,,,FALSE,,C4ABCF0058,C4ABCG0058,C4ABCM0058
,__export__.education_admission_register_4,Father,7410,59,B,Female,SAMIRA AFRIN CHADNI,সামিরা আফরিন চাদনি,required name,প্রয়োজনীয় নাম,required name,required name,প্রয়োজনীয় নাম,2008-10-18,External,required address ,MIRPUR,DHAKA,123456789,required address ,,,FALSE,,C4ABCF0059,C4ABCG0059,C4ABCM0059
,__export__.education_admission_register_4,Father,7420,60,B,Female,AFIA MUBASHSHIRA,আফিয়া মুবারশীরা,required name,প্রয়োজনীয় নাম,required name,required name,প্রয়োজনীয় নাম,2009-11-26,External,required address ,MIRPUR,DHAKA,123456789,required address ,,,FALSE,,C4ABCF0060,C4ABCG0060,C4ABCM0060
,__export__.education_admission_register_4,Father,7449,61,B,Female,NISHAT TASNIM,নিশাত তাসনিম,MD. SHAFIQUL ISLAM,মোঃ শফিকুল ইসলাম,MD. SHAFIQUL ISLAM,MOST. MUNNY AKTER,মোসাঃ মুন্নি আক্তার,2008-11-13,,"HOUSE NO-40/8, WAK-UP COLONI, ANSWER CAMP",MIRPUR,DHAKA,1935740478,DEW DOBA DHANGIR PAR BOROBARI,KOTOALI,RANGPUR,FALSE,,C4ABCF0061,C4ABCG0061,C4ABCM0061
,__export__.education_admission_register_4,Father,7523,62,B,Female,JAMILA JAHAN MARIA,জামিলা জাহান মারিয়া,JAMAL HOSSAN,জামাল হোসেন,JAMAL HOSSAN,LUTFUN NAHAR,লুৎফুন নাহার,2010-07-26,,"26/10, PAIKPARA GOVT. STAFF QUERTER",MIRPUR,DHAKA,1712519026,PONORA MASIKARA,DABIDER,COMILLA,FALSE,,C4ABCF0062,C4ABCG0062,C4ABCM0062
,__export__.education_admission_register_4,Father,7526,63,B,Female,NAFISA ANJUM OYSHE,নাফিসা আনজুম ঐশী,MD. SHAFIQUR RAHAMAN,মোঃ শফিকুর রহমান,MD. SHAFIQUR RAHAMAN,TAMANNA YESMIN,তামান্না ইয়াসমিন,2007-10-06,,"19, MIDDLE PAIKPARA",MIRPUR,DHAKA,1754447582,DO MIRPUR,DO,DHAKA,FALSE,,C4ABCF0063,C4ABCG0063,C4ABCM0063
,__export__.education_admission_register_4,Father,7527,64,B,Female,SHOHALI MAHMUD NIHA,শোহেলী মাহমুদ নিহা,MD. SALIM MHAMUD,মোঃ সেলিম মাহমুদ,MD. SALIM MHAMUD,SABINA MHAMUD LOVELY,সবিনা মাহমুদ লাভলি,2007-08-04,,"169/1, ROAD NO-7, SOUTH BISHIL",MIRPUR,DHAKA,1611372772,FAIDABAD FAIDABAD MADRASH,DAKHIN KHAN,DHAKA,FALSE,,C4ABCF0064,C4ABCG0064,C4ABCM0064
,__export__.education_admission_register_4,Father,7529,65,B,Female,FAIZA AZAM,ফাইজা আজম,A.K.M. SHAMSUL AZAM,এ.কে.এম. শামসুল আজম,A.K.M. SHAMSUL AZAM,MAKSUDA AZAM,মাকসুদা আজম,2009-05-12,,"181/KA, LALKUTI, 1ST COLONI",MIRPUR,DHAKA,1827157411,DO B.D. SHARIF,DARUS SALAM,DHAKA,FALSE,,C4ABCF0065,C4ABCG0065,C4ABCM0065
,__export__.education_admission_register_4,Father,7532,66,B,Female,FAHIDA ISLAM,ফাহিদা ইসলাম,MD. HARUN-OR-RASHID,মোঃ হারুন-অর-রশিদ,MD. HARUN-OR-RASHID,MORIUM BEGUM,মরিয়ম বেগম,2009-09-01,,"42/7, AHMED NAGAR",MIRPUR,DHAKA,1997623589,DO MIRPUR,DO,DHAKA,FALSE,,C4ABCF0066,C4ABCG0066,C4ABCM0066
,__export__.education_admission_register_4,Father,7579,67,B,Female,FARZANA AKTER,ফারজানা আকতার,MD. ANSAR ALI,মোঃ আনসার আলী,MD. ANSAR ALI,KALPANA AKTER,কল্পনা আকতার,2008-08-25,,"138/1-B, SOUTH BISHIL, ROAD NO-10",MIRPUR,DHAKA,1711788919,DO B.D. SHARIF,SHAH ALI,DHAKA,FALSE,,C4ABCF0067,C4ABCG0067,C4ABCM0067
