id,register_id/id,guardian_relation,student_id,roll_no,section,name,name_b,father_name,father_name_b,guardian_name,mother_name,mother_name_b,date_of_birth,student_category,street,street2,city,father_mobile,per_street,per_street2,per_city,is_same_address,religion_id/id,guardian_NID,father_NID,mother_NID
,__export__.education_admission_register_5,Father,6002,1,A,FAHIM-AL-MOONYEM NABIL,ফাহিম-আল-মুনিম নাবিল,MOHIDUL ISLAM,মহিদুল ইসলাম,MOHIDUL ISLAM,FAHIMA KHATUN,ফাহিমা খাতুন,2008-03-06,External,"BAGSATTA, KAWNDIA",MIRPUR,DHAKA,1712197520,DO MIRPUR,SAVER,DHAKA,FALSE,,C5ABCF0001,C5ABCG0001,C5ABCM0001
,__export__.education_admission_register_5,Father,5580,2,A,TAHMID AL TAHSIN,তাহমিদ আল তাহসিন,MD. YAKUB ALI,মোঃ ইয়াকুব আলী,MD. YAKUB ALI,TAHMINA KHATUN,তাহমিনা খাতুন,2008-07-01,External,"30/19, PAIKPARA GOVT STAFF QUERTER",MIRPUR,DHAKA,1552372957,SULANPUR KABASHPUR,HORIRAMPUR,MANIKGONJ,FALSE,,C5ABCF0002,C5ABCG0002,C5ABCM0002
,__export__.education_admission_register_5,Father,5559,3,A,MD. EAZ UDDIN AHMAD,মোঃ ইয়াজ উদ্দিন আহমেদ,MD. AMZAD HOSSAIN,মোঃ আমজাদ হোসেন,MD. AMZAD HOSSAIN,TASLIMA BEGUM,তাসলিমা বেগম,2007-12-30,Internal,"C-2/5, SHIKSHA BOARD STAFF QUERER",MIRPUR,DHAKA,1190081990,CHAR NARANDI NARANDI,MONOHORDI,NORSINDI,FALSE,,C5ABCF0003,C5ABCG0003,C5ABCM0003
,__export__.education_admission_register_5,Father,5527,4,A,M.A.RAHMAN SEAM,এম. এ. রহমান সিয়াম,MD. RAFIQUL ISLAM,মোঃ রফিকুল ইসলাম,MD. RAFIQUL ISLAM,SELENA AKHTER,সেলিনা আক্তার,2007-12-26,External,"65/1/1, SHAH ALI BAG",MIRPUR,DHAKA,1819288894,JARARA GANGERCUT,MURAD NAGAR,COMILLA,FALSE,,C5ABCF0004,C5ABCG0004,C5ABCM0004
,__export__.education_admission_register_5,Father,5517,5,A,ABDULLAH IBN ABDUR RAHMAN,আব্দুল্লাহ্ বিন আবদুর রহমান,MD. ABDUR RAHMAN,মোঃ আব্দুর রহমান,MD. ABDUR RAHMAN,MOST. ANOWARA KHATUN,মোছা: আনোয়ারা খাতুন,2006-02-08,External,"19/D-7, FLAT NO-2-B, UTTARA BHABON",MIRPUR,DHAKA,1675416925,SOYA GOBINDO NUTUN PARA,SIRAJGONJ,DO,FALSE,,C5ABCF0005,C5ABCG0005,C5ABCM0005
,__export__.education_admission_register_5,Father,5459,6,A,MD. ARAFAT SHARIAR SHIMANTO,মোঃ আরাফাত শাহরিয়ার সীমান্ত,MD. MOKBUL HOSSAIN,মোঃ মকবুল হোসেন,MD. MOKBUL HOSSAIN,MOST. UMME SALMA,মোছা: উম্মে সেলিনা,2008-12-31,External,"30/21, PAIKPARA GOVT STAFF QUERTER",MIRPUR,DHAKA,1712136366,BANIA PARA DEBON GAR,TETULIA,PANCHA GAR,FALSE,,C5ABCF0006,C5ABCG0006,C5ABCM0006
,__export__.education_admission_register_5,Father,5567,7,A,SYED THASAN AL SABIT,সাইদ তাহসান আল সাবিত,SYED ABUL KALAM,সাইদ আবুল কালাম,SYED ABUL KALAM,SULTANA BEGUM,সুলতানা বেগম,2006-09-23,External,"8/B-3, BEHARI PARA, ANSWER CAMP",MIRPUR,DHAKA,1931165633,BOWDDER KANDI ALIPURA BAZAR,SONAR GOAN,NARAN GONJ,FALSE,,C5ABCF0007,C5ABCG0007,C5ABCM0007
,__export__.education_admission_register_5,Father,5548,8,A,MD. TOWHIDUL ISLAM RATUL,মোঃ তৌহিদুল ইসলাম রাতুল,MD. RAFIQUL ISLAM,মোঃ রফিকুল ইসলাম,MD. RAFIQUL ISLAM,NEELIMA AKTER,নিলিমা আক্তার,2007-02-10,External,"6/1-A,  SOUTH BISHIL",MIRPUR,DHAKA,1946761071,SIFOLI VOLA SADAR,DO,VOLA,FALSE,,C5ABCF0008,C5ABCG0008,C5ABCM0008
,__export__.education_admission_register_5,Father,6013,9,A,SOFIQUL ISLAM,সফিকুল ইসলাম, MOZAMMEL HOSSAIN,মোজাম্মেল হোসেন, MOZAMMEL HOSSAIN,MST. NAHAR,মোছা: নাহার,2008-01-07,External,"20/14/B, NORTH TOLAR BAGH",MIRPUR,DHAKA,1719788664,DO B.D. SARIF,DARUS SALAM,DHAKA,FALSE,,C5ABCF0009,C5ABCG0009,C5ABCM0009
,__export__.education_admission_register_5,Father,5454,10,A,ABDULLAH MAHMUD KHAN,আবদুল্লাহ মাহমুদ খান,MD. ABUL KALAM AZAD,মোঃ আবুল কালাম আজাদ,MD. ABUL KALAM AZAD,KHADIZA PARVIN,খাদিজা পারভিন,2008-04-02,External,"49/4, SHAH ALI BAGH",MIRPUR,DHAKA,1713046454,DO MIRPUR,DO,DHAKA,FALSE,,C5ABCF0010,C5ABCG0010,C5ABCM0010
,__export__.education_admission_register_5,Father,5584,11,A,SHAIKH BIN TASNIB SHIHON,শেখ বিন তাসনিব শিহন,SHAIKH MD. ZAKIR HOSSAIN AUNTIM,শেখ মো: জাকির হোসেন অন্তিম,SHAIKH MD. ZAKIR HOSSAIN AUNTIM,MST. TAIFUN NAHAR ROJI,মোছা: তাইফুন নাহার রোজী,2008-01-07,External,"6/3, MAZER ROAD, 2ND COLONI,",MIRPUR,DHAKA,1718289901,SINGIA DO,NORAIL,DO,FALSE,,C5ABCF0011,C5ABCG0011,C5ABCM0011
,__export__.education_admission_register_5,Father,5574,12,A,SUJOY BISWAS PRITOM,সুজয় বিশ্বাস প্রীতম,BIVUTI BISWAS,বিভূতি বিশ্বাস,BIVUTI BISWAS,CHANDA SHAKHARI,চন্দ্রা শাখারী,2008-07-05,Internal,"6/3, LALKUTI, MAZAR ROAD",MIRPUR,DHAKA,1556742797,BALADHANGA TUNGIPARA,DO,GOPALGONJ,FALSE,,C5ABCF0012,C5ABCG0012,C5ABCM0012
,__export__.education_admission_register_5,Father,5479,13,A,MD. JAWAD MORSALIN MUGDHO,মোঃ জাওয়াদ মোরসালিন মুগ্ধ,MD. KHOKON MIA,মোঃ খোকন মিয়া,MD. KHOKON MIA,MOST. JAYNAB FERDOUS,মোছা: জয়নব ফেরদৌস,2008-06-21,External,"20/5-A, TOLER BAGH",MIRPUR,DHAKA,1716829394,WEST NILKANTHO DO,SADAR,RANGPUR,FALSE,,C5ABCF0013,C5ABCG0013,C5ABCM0013
,__export__.education_admission_register_5,Father,5576,14,A,NISHAT ABDULLAH,নিশাত আব্দুল্লাহ,MD. ABU SAYED,মোঃ আবু সাঈদ,MD. ABU SAYED,MOST. MAHBUBA AKTER,মোছা: মাহবুবা আক্তার,2008-05-29,External,"358/1, AHMD NAGAR",MIRPUR,DHAKA,1712865424,"16/1, MAIN ROAD, KASARI P DO",MEHER PUR,DO,FALSE,,C5ABCF0014,C5ABCG0014,C5ABCM0014
,__export__.education_admission_register_5,Father,5449,15,A,MD. SIRAJUL ISLAM RIFAT,মোঃ সিরাজুল ইসলাম রিফাত,MD. NURUL ISLAM MOLLA,মোঃ নুরুল ইসলাম মোল্লা,MD. NURUL ISLAM MOLLA,SALINA ISLAM,সেলিনা ইসলাম,2007-06-23,External,"350/1, AHMED NAGAR PAIKPARA",MIRPUR,DHAKA,1676232865,GAB KHAN DO,JALOKHATI,DO,FALSE,,C5ABCF0015,C5ABCG0015,C5ABCM0015
,__export__.education_admission_register_5,Father,5573,16,A,MD. SHALMAN RAHMAN LABIB,মোঃ সালমান রহমান লাবিব,ABDUL AWAL,আবদুল আউয়াল,ABDUL AWAL,SHAHANAZ BEGUM,শাহানাজ বেগম,2008-12-31,External,"A-1/4, SHIKSHA BOARD STAFF QUARTER",MIRPUR,DHAKA,1721343222,CHAR NARANDI NARANDI,MONOHORDI,NORSINDI,FALSE,,C5ABCF0016,C5ABCG0016,C5ABCM0016
,__export__.education_admission_register_5,Father,5644,17,A,MAJHARUL ALAM JISAN,মাজহারুল আলম জিসান,JAHANGIR ALAM,জাহাঙ্গীর আলম,JAHANGIR ALAM,SAYEDA MAHBUBA AKHTER,সৈয়েদা মাহাবুবা আক্তার,2007-08-27,External,"3/4, PAIKPARA GOVT. STAFF QUERTER",MIRPUR,DHAKA,1716101869,DO MIRPUR,DO,DHAKA,FALSE,,C5ABCF0017,C5ABCG0017,C5ABCM0017
,__export__.education_admission_register_5,Father,5549,18,A,MD. MOHAIMENUL HAQUE RAFIN,মোঃ মুহাইমানুল হক রাফি,MD. MAINUL HAQUE,মোঃ মাইনুল হেক,MD. MAINUL HAQUE,TASLIMA BEGUM,তাসলিমা বেগম,2008-12-08,External,"HOUSE -119, ROAD-10, SOUTH BISHIL",MIRPUR,DHAKA,1714451482,"146/1, SOUTH BISHIL B.D. SARIF",DARUS SALAM,DHAKA,FALSE,,C5ABCF0018,C5ABCG0018,C5ABCM0018
,__export__.education_admission_register_5,Father,5483,19,A,MD. MOHTASIM ALAM,মোঃ মোহতাসিম আলম,MD. MAHFUZ ALAM,মোঃ মাহফুজ আলম,MD. MAHFUZ ALAM,TASRIN JAHAN,তাসরিন জাহান,2006-05-07,External,"HOUSE NO-08, ROAD NO-02, RUPNAGAR R/A",MIRPUR,DHAKA,1731298557,DANES PUR PACHBIBI,DO,JOYPUR HAT,FALSE,,C5ABCF0019,C5ABCG0019,C5ABCM0019
,__export__.education_admission_register_5,Father,5612,20,A,KAZI SHAHARIAR HOSSAIN DIPTO,কাজী শাহরিয়ার হোসেন দীপ্ত,KAZI MOHAMMAD SHAH ALAM,কাজী মুহাম্মদ শাহ আলম,KAZI MOHAMMAD SHAH ALAM,SULTANA BEGUM,সুলতানা বেগম,2008-09-12,External,"106/3, ANSWER CAMP GOVT. STAFF QUERTER",MIRPUR,DHAKA,1814229108,"131/A/2, DOBADIA UTTAR KHAN",TEJGOAN,DHAKA,FALSE,,C5ABCF0020,C5ABCG0020,C5ABCM0020
,__export__.education_admission_register_5,Father,5590,21,A,MD. SHAHARIA HOSSAIN ROUDDRO,মোঃ শাহরিয়া হোসেন রুদ্র,MD. SOHEL RANA,মোঃ সোহেল রানা,MD. SOHEL RANA,MOST. REBA KHATUN,মোছা: রেবা খাতুন,2007-07-01,External,"23/23, PAIKPARA GOVT. STAFF QUERTER",MIRPUR,DHAKA,1717254054,JALAL PUR PABNA C.C,PABNA,PABNA,FALSE,,C5ABCF0021,C5ABCG0021,C5ABCM0021
,__export__.education_admission_register_5,Father,5515,22,A,SIYAM KHAN,সৈয়দ খান,MD. JAHANGIR ALAM,মোঃ জাহাঙ্গীর আলম,MD. JAHANGIR ALAM,SALMA BEGUM,সালমা বেগম,2007-10-13,External,"247/C, AHMED NAGAR PAIKPARA",MIRPUR,DHAKA,1755578223,JOAR KURUNA MOKAMIA,BETAGI,BOARGUNA,FALSE,,C5ABCF0022,C5ABCG0022,C5ABCM0022
,__export__.education_admission_register_5,Father,5503,23,A,MD. AMIR HAMJA,মোঃ আমির হামজা,MD. HASEM SHEK,মোঃ হাসেম শেখ,MD. HASEM SHEK,SALINA RAHMAN,সেলিনা রহমান,2008-05-28,Internal,"ROAD NO-3, HOUSE NO-107, SOUTH BISHIL",MIRPUR,DHAKA,1715191384,DO B.D. SHARIF,DARUS SALAM,DHAKA,FALSE,,C5ABCF0023,C5ABCG0023,C5ABCM0023
,__export__.education_admission_register_5,Father,5522,24,A,KHONDOKAR TAHMID IQBAL MAHI,খন্দকার তাহমিদ ইকবাল মাহী,KHONDOKAR IQBAL HOSSAIN,খোন্দকার ইকবাল হোসেন,KHONDOKAR IQBAL HOSSAIN,TASHRUFA HOSSAIN,তাসরুফা হোসেন,2006-11-30,External,"HAFEJ HOUSE, 14/A, MIDDLE PAIKPARA, BIHARI PRRA",MIRPUR,DHAKA,1762565639,PATIKA BARI BAHADUR PUR,PANGSHA,RAJBARI,FALSE,,C5ABCF0024,C5ABCG0024,C5ABCM0024
,__export__.education_admission_register_5,Father,5570,25,A,MD. MILLAD HOSEN ZIHAD,মোঃ মিল্লাদ হোসেন জিহাদ,MD. KAMAL HOSEN,মোঃ কামাল হোসেন,MD. KAMAL HOSEN,NAJMUN NAHAR,নাজমুন নাহার,2008-09-05,External,"159/A, MIDDLE PAIKPARA",MIRPUR,DHAKA,1839961869,DO MIRPUR,DO,DHAKA,FALSE,,C5ABCF0025,C5ABCG0025,C5ABCM0025
,__export__.education_admission_register_5,Father,5500,26,A,MD. MAHIN AKAN,মোঃ মাহিন আখান,MD. AZMAL HOSSAN AKAN,মোঃ আজমল হোসেন আখান,MD. AZMAL HOSSAN AKAN,MOST. FERDAWS ARA,মোছা: ফেরদৌস আরা,2007-10-12,Internal,"27/A-A, MAZER ROAD",MIRPUR,DHAKA,1911713989,SUTIA KHATI WORD NO-8,NESARABAD,PIROJ PUR,FALSE,,C5ABCF0026,C5ABCG0026,C5ABCM0026
,__export__.education_admission_register_5,Father,5453,27,A,MD. SAYM ZAMAN RYAN,মোঃ সায়েম জামান রাইয়ান,MD. SHAMSUZAMAN SHOHEL,মোঃ শামসুজ্জামান সোহেল,MD. SHAMSUZAMAN SHOHEL,SHARYFA TUN NESSA KAJOL,শরিফাতুন নেছা কাজল,2008-03-20,External,"6/B, SOUTH BISHIL, ROAD NO-11",MIRPUR,DHAKA,167015341,DO B.D. SHARIF,DARUS SALAM,DHAKA,FALSE,,C5ABCF0027,C5ABCG0027,C5ABCM0027
,__export__.education_admission_register_5,Father,5618,28,A,MUTTAKIN BHUIYAN,মুত্তাকিন ভূঁইয়া,MD. MAHBUB ALAM BHUIYAN,মোঃ মাহবুব আলম ভূইয়া,MD. MAHBUB ALAM BHUIYAN,NUR JAHAN,নূর জাহান,2008-01-10,External,"C-2/2, SHIKSHA BOARD STAFF QUERTER",MIRPUR,DHAKA,1711488699,BASH GHAR RAMGONJ,DO,LAXMIPUR,FALSE,,C5ABCF0028,C5ABCG0028,C5ABCM0028
,__export__.education_admission_register_5,Father,6012,29,A,MD. RAIYAN HAMID,মোঃ রায়ান হামিদ,MD. AKTHER HAMID TAJU,মোঃ আক্তার হামিদ তাজু,MD. AKTHER HAMID TAJU,BABY AKTER,বেবী আক্তার,2008-08-24,External,"25/1, MIDDLE PAIKPARA",MIRPUR,DHAKA,1711174649,DO MIRPUR,DO,DHAKA,FALSE,,C5ABCF0029,C5ABCG0029,C5ABCM0029
,__export__.education_admission_register_5,Father,5532,30,A,HASIN MAHTAB,হাসিন মাহতাব,MD. KABIR MOJUMDER,মোঃ কবির মজুমদার,MD. KABIR MOJUMDER,HOSNE ARA SHEULI,হোসনে আরা শিউলি,2007-01-28,External,"20/1-B, TOLER BAGH",MIRPUR,DHAKA,1746658329,DO B.D. SARIF,DARUS SALAM,DHAKA,FALSE,,C5ABCF0030,C5ABCG0030,C5ABCM0030
,__export__.education_admission_register_5,Father,5476,31,A,MOHAMMED AKIF MAHFUZ,মোহাম্মদ আকিফ মাহফুজ,MAHFUZUL HOQUE,মাহফুজুল হক,MAHFUZUL HOQUE,AYESHA AKTER,আয়শা আক্তার,2007-09-16,External,39 MIDDLE PAIKPARA,MIRPUR,DHAKA,1713094243,LASKORDI BALIAPARA,ARIHAZAR,NARAON GONJ,FALSE,,C5ABCF0031,C5ABCG0031,C5ABCM0031
,__export__.education_admission_register_5,Father,5585,32,A,SAMIN ARAT DHRUBO,সামিন আরাত ধ্রুব,MD. KHORSHED ALAM,মোঃ খোরশেদ আলম,MD. KHORSHED ALAM,NACIMA AKTER,নাসিমা আক্তার,2006-05-28,External,"6/B, ROMAN TOWER 328/D, AHMED NAGAR",MIRPUR,DHAKA,1554329666,GABRA PARA TITUDAH,CHUADHANGA,DO,FALSE,,C5ABCF0032,C5ABCG0032,C5ABCM0032
,__export__.education_admission_register_5,Father,5557,33,A,MD. RAJWAN UZ ZAMAN JOY,মোঃ রেজওয়ান উজ জামান জয়,MD. GOLAM ASHAD,মোঃ গোলাম আশহাদ,MD. GOLAM ASHAD,ZINAT REHANA BITHI,জিনাতা রেহানা বিথী,2008-05-21,External,"54/A, MIDDLE PAIKPARA",MIRPUR,DHAKA,1712790840,SONAROY DOMER,DO,NILFAMARI,FALSE,,C5ABCF0033,C5ABCG0033,C5ABCM0033
,__export__.education_admission_register_5,Father,5469,34,A,FAKHRUDDIN MRIDHA MAHI,ফখরুদ্দিন মৃধা মাহী,MD. SALAH UDDIN MRIDHA,মোঃ সালাহ উদ্দিন মৃধা,MD. SALAH UDDIN MRIDHA,FARHANA YESMIN MUNNY,ফরহানা ইয়াসমিন মুন্নি,2007-11-19,External,"372/1, AHMED NAGAR, PAIKPARA",MIRPUR,DHAKA,1944029526,RANDONDIA AKDUARIA,MONOHORDI,NORSINDI,FALSE,,C5ABCF0034,C5ABCG0034,C5ABCM0034
,__export__.education_admission_register_5,Father,5588,35,A,MD. ABU ZARIF RUBOB,মোঃ আবু জারিফ রুবব,MD. ABU TALEB JEWEL,মোঃ আবু তালেব জুয়েল,MD. ABU TALEB JEWEL,ASIA BEGUM LILY,আছিয়া বেগম লিলি,2006-06-30,External,"282/1/1, 1ST COLONI, MAZAR ROAD",MIRPUR,DHAKA,1711568199,DO B.D.SHARIF,DARUS SALAM,DHAKA,FALSE,,C5ABCF0035,C5ABCG0035,C5ABCM0035
,__export__.education_admission_register_5,Father,5561,36,A,MD. ZIHAD DEWAN,মোঃ জিহাদ দেওয়ান,MD. SOBUJ DEWAN,মোঃ সবুজ দিওয়ান,MD. SOBUJ DEWAN,MOSAMMAD HASINA BEGUM,মোসাম্মাদ হাসিনা বেগম,2008-01-01,External,"C-6/12, SHIKSHA BOARD STAFF QUERTER",MIRPUR,DHAKA,1721997215,TENGRA PARA BARAT BAZAR,GOALONDA,RAJBARI,FALSE,,C5ABCF0036,C5ABCG0036,C5ABCM0036
,__export__.education_admission_register_5,Father,5521,37,A,MD. SHOEBUR RAHMAN EFAZ,মোঃ শোয়েবুর রহমান ইফাজ,MD. MEZANUR RAHMAN,মোঃ মিজানুর রহমান,MD. MEZANUR RAHMAN,NASRIN SULTANA,নাসরিন সুলতানা,2008-04-25,Internal,"C-3/5,SHIKSHA BOARD STAFF QUERTER",MIRPUR,DHAKA,1199156541,SONAPURA SITKA,BAWFAL,POTUAKHALI,FALSE,,C5ABCF0037,C5ABCG0037,C5ABCM0037
,__export__.education_admission_register_5,Father,5464,38,A,MD. AMINUR RAHMAN,মোঃ আমিনুর রহমান,MD. MAHBUBUR RAHMAN,মোঃ মাহ্বুবুর রহমান,MD. MAHBUBUR RAHMAN,MOST. HALENA AKTER,মোছা: হালিনা আক্তার,2007-10-17,External,"5/3-F/G, PAIKPARA",MIRPUR,DHAKA,1710953724,SYED PUR DO,SUJANAGAR,PABNA,FALSE,,C5ABCF0038,C5ABCG0038,C5ABCM0038
,__export__.education_admission_register_5,Father,5541,39,A,SHOHANUR RAHMAN SIAM,শোহানুর রহমান সিয়াম,MD. HELAL PATWARY,মোঃ হেলাল পাটয়ারি,MD. HELAL PATWARY,SALINA BEGUM,সেলিনা বেগম,2007-12-01,External,"19-G/3, NORTH TOLER BAGH",MIRPUR,DHAKA,1818569148,KHARUDIA LALPUR,CHAND PUR,DO,FALSE,,C5ABCF0039,C5ABCG0039,C5ABCM0039
,__export__.education_admission_register_5,Father,5490,40,A,MD. ASIF HOSSAIN,মোঃ আসিফ হোসেন,MD. KAMAL HOSSAIN,মোঃ কামাল হোসেন,MD. KAMAL HOSSAIN,PARUL BEGUM,পারুল বেগম,2008-01-31,External,"328/D, AHMED NAGAR PAIKPARA",MIRPUR,DHAKA,1745553345,SOUTH AYNAPUR TILLY,SATURIA,MANIKGONJ,FALSE,,C5ABCF0040,C5ABCG0040,C5ABCM0040
,__export__.education_admission_register_5,Father,5589,41,A,MD. AHSAN KOBIR MIRAZ,মোঃ আহসান কবির মিরাজ,MD. HUMAYUN KOBIR,মোঃ হুমায়ুন কবির,MD. HUMAYUN KOBIR,TASLIMA AKTHER,তাসলিমা আক্তার,2007-12-26,External,"98/3, ANSWER CAMP STAFF QUERTER",MIRPUR,DHAKA,1831043494,SADULLAH PUR DO,SADAR,NOAKHALI,FALSE,,C5ABCF0041,C5ABCG0041,C5ABCM0041
,__export__.education_admission_register_5,Father,5458,42,A,MD. ALBID AL ISLAM MAHIR,মোঃ আলবিদ আল ইসলাম মাহির,MD. HUMAYUN KABIR,মোঃ হুমায়ুন কবির,MD. HUMAYUN KABIR,NELUFAR YASMIN,নিলুফার ইয়াসমিন,2007-08-19,External,"273/3-A, MIDDLE PAIKPARA",MIRPUR,DHAKA,1729542148,"NUR MONJIL, L.P-3, HOUSIN KHALISH PUR",DO,KHULNA,FALSE,,C5ABCF0042,C5ABCG0042,C5ABCM0042
,__export__.education_admission_register_5,Father,5462,43,A,MUSHFIQUR RAHMAN ABID,মুশফিকুর রহমান আবিদ,GAZI TORIKUL ISLAM,গাজী তরিকুল ইসলাম,GAZI TORIKUL ISLAM,MARIA ISLAM,মারিয়া ইসলাম,2007-04-28,Internal,"3/2, ROAD-11, SOUTH BISHIL",MIRPUR,DHAKA,123456789,BORONAL DO,KALIA,NORAIL,FALSE,,C5ABCF0043,C5ABCG0043,C5ABCM0043
,__export__.education_admission_register_5,Father,6056,44,A,SORAT DAS,শরৎ দাস,SANKAR DAS,শঙ্কর দাস,SANKAR DAS,POPY DAS,পপি দাস,2007-05-03,External,"162/2/3/4, SOUTH BISIL, ROAD-7",MIRPUR,DHAKA,1714276264,DO B.D. SARIF,DARUS SALAM,DHAKA,FALSE,,C5ABCF0044,C5ABCG0044,C5ABCM0044
,__export__.education_admission_register_5,Father,5540,45,A,MOHAMMAD HAMIDUR RAHMAN,মোহাম্মদ হামিদুর রহমান,MOHAMMAD ABDUL HALIM,মুহাম্মদ আবদুল হালিম,MOHAMMAD ABDUL HALIM,ALEMA AKTER,আলিমা আক্তার,2007-10-27,External,"A -80/4, WAK-UP GOVT. COLONI, PAIKPARA",MIRPUR,DHAKA,17177844721,BORODAL DO,KALMA KANDA,NETRA CONA,FALSE,,C5ABCF0045,C5ABCG0045,C5ABCM0045
,__export__.education_admission_register_5,Father,6051,46,A,REZUAN HOSSAIN KHAN,রেজুয়ান হোসেন খান,A.K.M. ZAKIR HOSSAIN,এ.কে.এম. জাকির হোসেন,A.K.M. ZAKIR HOSSAIN,KAMRUN NAHAR,কামরুন নাহার,2008-10-30,External,"365 WEST AHMED NAGAR, PAIKPARA",MIRPUR,DHAKA,1715510017,DO MIRPUR,DO,DHAKA,FALSE,,C5ABCF0046,C5ABCG0046,C5ABCM0046
,__export__.education_admission_register_5,Father,5530,47,A,MD. SALMAN,মোঃ সালমান,MD. REZOOAN ALI,মোঃ রেজওয়ান আলী,MD. REZOOAN ALI,SABINA YASMIN,সাবিনা ইয়াসমিন,2007-02-23,External,33 DARUS SALAM,MIRPUR,DHAKA,1816829343,DO B.D. SHARIF,DARUS SALAM,DHAKA,FALSE,,C5ABCF0047,C5ABCG0047,C5ABCM0047
,__export__.education_admission_register_5,Father,5460,48,A,MD. THASIN AHMED TASIN,মোঃ তাহসিন আহমেদ তাসিন,MD. SHAJALAL MANIK,মোঃ শাহজালাল মানিক,MD. SHAJALAL MANIK,RUMANA AKTER,রুমানা আক্তার,2007-06-11,External,"312/4-D, LALKUTI",SHAMOLI,DHAKA,1718042731,SOTO KUMIRA ARULIA,BOGURA,DO,FALSE,,C5ABCF0048,C5ABCG0048,C5ABCM0048
,__export__.education_admission_register_5,Father,5556,49,A,AFIAT HOSSAIN SURZO,আফিয়াত হোসেন সূর্য,MD. ANWAR HOSSAIN,মোঃ আনোয়ার হোসেন,MD. ANWAR HOSSAIN,NASRIN SULTANA,নাসরিন সুলতানা,2007-05-20,External,"1/A1, 2ND COLONI, MAZER ROAD",MIRPUR,DHAKA,1988597038,DO B.D. SHARIF,DARUS SALAM,DHAKA,FALSE,,C5ABCF0049,C5ABCG0049,C5ABCM0049
,__export__.education_admission_register_5,Father,5516,50,A,MD. EMAM HOSSIN,মোঃ ইমাম হোসেন,MD. MOJAMMEL HAQUE HOWLADEAR,মোঃ মোজাম্মেল হক হাওলাদার,MD. MOJAMMEL HAQUE HOWLADEAR,BEAUTY KHANOM,বিউটি খানম,2007-01-01,External,"B-3/3, DHAKA SHIKSHA BOARD STAFF QUERTER",MIRPUR,DHAKA,1552497618,GABKHAN DO,JALOKHATI,DO,FALSE,,C5ABCF0050,C5ABCG0050,C5ABCM0050
,__export__.education_admission_register_5,Father,5452,51,A,MD. ABDULLAH,মোঃ আবদুল্লাহ,KAMRUJJAMAN,কামরুজ্জামান,KAMRUJJAMAN,LIPI BEGUM,লিপি বেগম,2008-01-01,External,"C-4/4, DHAKA SHIKSHA BOARD STAFF QUERTER",MIRPUR,DHAKA,1715714110,ASTAKHATI PACHGOAN,SADAR,BARISAL,FALSE,,C5ABCF0051,C5ABCG0051,C5ABCM0051
,__export__.education_admission_register_5,Father,5498,52,A,TAIFUR RAHMAN KHAN ZIHAD,তাইফুর রহমান খান জিহাদ,K.M. ZIAUR RAHMAN,কে.মি. জিয়াউর রহমান,K.M. ZIAUR RAHMAN,"MOST, MAHAMUDA AKTER",মোছা: মাহমুদা আক্তার,2008-10-12,External,"123/D/5, ROAD-10, SOUTH BISHIL",MIRPUR,DHAKA,1736242292,KORDULIA PORADHANGA,SUJANAGAR,PABNA,FALSE,,C5ABCF0052,C5ABCG0052,C5ABCM0052
,__export__.education_admission_register_5,Father,5571,53,A,ABID HOSSIN,আবিদ হোসেন,MD. SHAMSUZZAMAN MRIDHA,মোঃ শামসুজ্জামান মৃধা,MD. SHAMSUZZAMAN MRIDHA,AMENA YESMIN,আমিনা ইয়াসমিন,2008-03-19,External,"D-19, 3RD COLONI. LALKUTHI",MIRPUR,DHAKA,1817581115,DO B.D. SHARIF,DARUS SALAM,DHAKA,FALSE,,C5ABCF0053,C5ABCG0053,C5ABCM0053
,__export__.education_admission_register_5,Father,7365,54,A,MD. RAFI- UZ- ZAMAN,মোঃ রাফি-উজ-জামান,MD. MASUD-UD-ZAMAN,মোঃ মাসুদ-উদ-জামান,MD. MASUD-UD-ZAMAN,MIS.BEAUTY KHATUN,মোছা: বিউটি খাতুন,2007-11-19,External,240 AHMED NAGAR PAIKPARA,MIRPUR,DHAKA,1712177319,DO MIRPUR,DO,DHAKA,FALSE,,C5ABCF0054,C5ABCG0054,C5ABCM0054
,__export__.education_admission_register_5,Father,7378,55,A,MD. DIN ISLAM,মোঃ দীন ইসলাম,required,প্রয়োজনীয়,required,required,প্রয়োজনীয়,2007-07-10,Internal,required name,MIRPUR,DHAKA,123456789,required address ,,,FALSE,,C5ABCF0055,C5ABCG0055,C5ABCM0055
,__export__.education_admission_register_5,Father,7383,56,A,MD. SAZID MAHMUD ALIF,মোঃ সাজিদ মাহমুদ আলিফ,required,প্রয়োজনীয়,required,required,প্রয়োজনীয়,2009-04-14,Internal,required name,MIRPUR,DHAKA,123456789,required address ,,,FALSE,,C5ABCF0056,C5ABCG0056,C5ABCM0056
,__export__.education_admission_register_5,Father,7409,57,A,MD. APURBO HOSSEN NOYON,মোঃ অপূর্ব হোসেন নয়ন,required,প্রয়োজনীয়,required,required,প্রয়োজনীয়,2007-10-01,External,required name,SANAR PARA,NARAON GONJ,123456789,required address ,,,FALSE,,C5ABCF0057,C5ABCG0057,C5ABCM0057
,__export__.education_admission_register_5,Father,7417,58,A,MAHIN ISLAM GALIB,মহিন ইসলাম গালিব,required,প্রয়োজনীয়,required,required,প্রয়োজনীয়,2007-02-14,External,required name,MIRPUR,DHAKA,123456789,required address ,,,FALSE,,C5ABCF0058,C5ABCG0058,C5ABCM0058
,__export__.education_admission_register_5,Father,7429,59,A,ASIF MD. TASNIM,আসিফ মো: তাসনিম,required,প্রয়োজনীয়,required,required,প্রয়োজনীয়,2007-08-16,External,required name,MIRPUR,DHAKA,123456789,required address ,,,FALSE,,C5ABCF0059,C5ABCG0059,C5ABCM0059
,__export__.education_admission_register_5,Father,7430,60,A,ADIB ISLAM,আবিদ ইসলাম,required,প্রয়োজনীয়,required,required,প্রয়োজনীয়,2007-05-13,External,required name,MIRPUR,DHAKA,123456789,required address ,,,FALSE,,C5ABCF0060,C5ABCG0060,C5ABCM0060
,__export__.education_admission_register_5,Father,7432,61,A,SAZZAD HOSSAIN ROBIN,সাজ্জাদ হোসেন রবিন,required,প্রয়োজনীয়,required,required,প্রয়োজনীয়,2007-03-10,,required name,,,123456789,required address ,,,FALSE,,C5ABCF0061,C5ABCG0061,C5ABCM0061
,__export__.education_admission_register_5,Father,7442,62,A,MD. AHNAFUZZAMAN,মোঃ আহনাফুজ্জামান,MD. ASADUZZAMAN,মোঃ আসাদুজ্জামান,MD. ASADUZZAMAN,SONIA KHATUN,সোনিয়া খাতুন,2008-11-09,,"ROAD NO-09, HOUSE NO-06, KALLAN PUR",,,123456789,DO MIRPUR,DO,DHAKA,FALSE,,C5ABCF0062,C5ABCG0062,C5ABCM0062
,__export__.education_admission_register_5,Father,7524,63,A,MD. AWHUSAN HABIB,মোঃ আহসান হাবিব,JAMAL HOSSAN,জামাল হোসেন,JAMAL HOSSAN,LUTFUN NAHAR,লুৎফুন নাহর,2009-03-17,,"26/10, PAIKPARA GOVT. STAFF QUERTER",,,1712519026,PONORA MASIKARA,DABIDER,COMILLA,FALSE,,C5ABCF0063,C5ABCG0063,C5ABCM0063
,__export__.education_admission_register_5,Father,7538,64,A,HASAN DURJOY,হাসান দূর্জয়,MD. BADSHA HOSSAIN,মোঃ বাদশা হোসেন,MD. BADSHA HOSSAIN,MST. MUSLIMA KHATUN,মোছা: মুসলিমা খাতুন,2008-06-15,,"93/4, BIHARI PARA, ANSWER CAMP",,,1716023057,KHODDA SADUA BOROI CHARA,KHOKSHA,KUSTIA,FALSE,,C5ABCF0064,C5ABCG0064,C5ABCM0064
