<?xml version="1.0"?>
<odoo>
    <data>

        <!-- Scheduler for Event Alarm-->
        <record id="sms_check" model="ir.cron">
            <field name="name">SMS Check</field>
            <field name="model_id" ref="model_sms_account"/>
            <field name="state">code</field>
            <field name="code">model.check_all_messages()</field>
            <field name="active" eval="True"/>
            <field name="user_id" ref="base.user_root" />
            <field name="interval_number">1</field>
            <field name="interval_type">hours</field>
            <field name="numbercall">-1</field>
            <field name="doall" eval="False"/>
        </record>

        <record id="sms_queue_check" model="ir.cron">
            <field name="name">SMS Queue Check</field>
            <field name="model_id" ref="model_sms_message"/>
            <field name="state">code</field>
            <field name="code">model.process_sms_queue(200)</field>
            <field name="active" eval="True"/>
            <field name="user_id" ref="base.user_root" />
            <field name="interval_number">1</field>
            <field name="interval_type">minutes</field>
            <field name="numbercall">-1</field>
            <field name="doall" eval="False"/>
        </record>
        
    </data>
</odoo>