id,register_id/id,already_student,Batch,blood_group,student_category,city,per_city,class_id/id,company_id/id,country_id/id,per_country_id/id,date_of_birth,father_car_no,father_mobile,father_NID,father_name,gender,group,image,last_name,level,medium/id,middle_name,mother_tongue/id,name,nationality/id,is_same_address,prev_school/id,guardian_relation/id,religion_id/id,roll_no,section,state_id/id,per_state_id/id,state,street,per_street,street2,per_street2,student_id,mobile,guardian_car_no,guardian_mobile,guardian_NID,guardian_name,mother_car_no,mother_mobile,mother_NID,mother_name,email,phone,name_b,father_name_b,mother_name_b
__export__.education_application_44_173df506,__export__.education_admission_register_1,FALSE,,A+,Internal,DHAKA,DO,,base.main_company,base.bd,base.bd,2011-08-19,,17373794481,1AF00044,ABUL BASHER,Male,,,,0,education_core.education_medium_data,,education_core.education_medium_data,REBEA AKTHER LAMIA,base.bd,FALSE,,__export__.eschool_student_guardian_relation_1_384b6a5a,,44,A,,,Draft,"C-6/10, DHAKA SHIKSHA BOARD STAFF QUERTER",ISLAM PUR DO,MIRPUR,LAXMIPUR,6556,,,,1AG00044,ABUL BASHER,,,1AM00044,NOURUN NAHER,,,রেবেয়া একতার লামিয়া,আবুল বাসার,নূরুন নাহার
__export__.education_application_43_1c31fb53,__export__.education_admission_register_1,FALSE,,A+,Internal,DHAKA,MYMENSINGH,,base.main_company,base.bd,base.bd,2011-10-01,,1921622666,1AF00043,MD. SALIM REZA,Male,,,,0,education_core.education_medium_data,,education_core.education_medium_data,MAHEDI HASAN SIAM,base.bd,FALSE,,__export__.eschool_student_guardian_relation_1_384b6a5a,,43,A,,,Draft,"9/4, TOLER BAG, DARUS SALAM",AZMOT PUR RAHMOT PUR,MIRPUR,KOTOALI,7565,,,,1AG00043,MD. SALIM REZA,,,1AM00043,EVA,,,মেহেদী হাসান সিয়াম,মোঃ সেলিম রেজা,ইভা
__export__.education_application_42_131be10b,__export__.education_admission_register_1,FALSE,,A+,Internal,DHAKA,TANGAIL,,base.main_company,base.bd,base.bd,2012-06-30,,1726173869,1AF00042,SADEK DEWAN,Male,,,,0,education_core.education_medium_data,,education_core.education_medium_data,FARJANA DEWAN TOYA,base.bd,FALSE,,__export__.eschool_student_guardian_relation_1_384b6a5a,,42,A,,,Draft,"320, AHMED NAGAR PAIKPARA",PANISAIL PUTIAJANI,MIRPUR,MIRZAPUR,7553,,,,1AG00042,SADEK DEWAN,,,1AM00042,LUCKY BEGUM,,,ফারজানা দেওয়ান চেšধুরী,সাদেক দেওয়ান,লাকী বেগম
__export__.education_application_41_c479e440,__export__.education_admission_register_1,FALSE,,A+,Internal,DHAKA,DO,,base.main_company,base.bd,base.bd,2010-02-06,,1234567890,1AF00041,MD. KASEHM,Male,,,,0,education_core.education_medium_data,,education_core.education_medium_data,MOST. SOHANA AKTER KEYA,base.bd,FALSE,,__export__.eschool_student_guardian_relation_1_384b6a5a,,41,A,,,Draft,"HOUSE NO-150/3, ROAD NO-8, SOUTH BISHIL",VOPTIPUR PORAHATI,MIRPUR,JINAIDAH,7321,,,,1AG00041,MD. KASEHM,,,1AM00041,MOST. BILKIS AKTER,,,মোসাঃ সোহানা আকতার কেয়া,মোঃ কাশেম,মোসাঃ বিলকিস আক্তার
__export__.education_application_40_213ef7eb,__export__.education_admission_register_1,FALSE,,A+,Internal,DHAKA,SHATKHIRA,,base.main_company,base.bd,base.bd,2011-03-26,,1911899577,1AF00040,MD. ZIAUR RAHMAN,Male,,,,0,education_core.education_medium_data,,education_core.education_medium_data,FAIJA RAHMAN JENITA,base.bd,FALSE,,__export__.eschool_student_guardian_relation_1_384b6a5a,,40,A,,,Draft,"HOUSE NO-172, ROAD NO-06, SOUTH BISHIL",OFAPUR BAMONKHALI,MIRPUR,KOLAROA,7254,,,,1AG00040,MD. ZIAUR RAHMAN,,,1AM00040,AYSHA SIDDIKA,,,ফাইজা রহমান জেনিতা,মোঃ জিয়াউর রহমান,আয়শা সিদ্দিকা
__export__.education_application_39_ca3bb55f,__export__.education_admission_register_1,FALSE,,A+,Internal,DHAKA,DHAKA,,base.main_company,base.bd,base.bd,2010-10-29,,1715770069,1AF00039,HERON BHUIYA,Male,,,,0,education_core.education_medium_data,,education_core.education_medium_data,JANNATUL JAMAN NITU,base.bd,FALSE,,__export__.eschool_student_guardian_relation_1_384b6a5a,,39,A,,,Draft,"2/1, A/1, SHAPNO KUTIR, TOLER BAG",DO B.D. SHARIF,MIRPUR,DARUS SALAM,7259,,,,1AG00039,HERON BHUIYA,,,1AM00039,NODI,,,জান্নাতুল জামান নিতু,হিরন ভুইয়া,নদী
__export__.education_application_38_6145d39f,__export__.education_admission_register_1,FALSE,,A+,Internal,DHAKA,DINAJPUR,,base.main_company,base.bd,base.bd,2011-10-24,,1716586342,1AF00038,MD. MAINUL HOSSAIN,Male,,,,0,education_core.education_medium_data,,education_core.education_medium_data,MARIA BENTA SUMAIYA,base.bd,FALSE,,__export__.eschool_student_guardian_relation_1_384b6a5a,,38,A,,,Draft,"16/C, TOLER BAG",MOHARAJ PUR RANI GONJ,MIRPUR,KOTOALI,7274,,,,1AG00038,MD. MAINUL HOSSAIN,,,1AM00038,NAJMIN NAHER,,,মারিয়া বিনতে সুমাইয়া,মোঃ মাইনুল হোসেন,নাজমিন নাহার
__export__.education_application_37_7a141850,__export__.education_admission_register_1,FALSE,,A+,Internal,DHAKA,DHAKA,,base.main_company,base.bd,base.bd,2011-07-14,,1674000688,1AF00037,AKHIL UDDIN,Male,,,,0,education_core.education_medium_data,,education_core.education_medium_data,AZMAYEN UDDIN,base.bd,FALSE,,__export__.eschool_student_guardian_relation_1_384b6a5a,,37,A,,,Draft,"HIZLA, AMIN BAZER",DO AMIN BAZER,SAVER,SAVER,7331,,,,1AG00037,AKHIL UDDIN,,,1AM00037,JANNATUL FERDOUS,,,আজমাইন উদ্দিন,অখিল উদ্দিন,জান্নাতুল ফেরদৌস
__export__.education_application_36_90cd9520,__export__.education_admission_register_1,FALSE,,A+,Internal,DHAKA,DHAKA,,base.main_company,base.bd,base.bd,2010-07-27,,1715260967,1AF00036,MD. SHAFIKUL ALAM,Male,,,,0,education_core.education_medium_data,,education_core.education_medium_data,UMME HALIMATUS SADIA,base.bd,FALSE,,__export__.eschool_student_guardian_relation_1_384b6a5a,,36,A,,,Draft,"312/4/M, TOLER BAG DARUS SALAM",DO B.D. SHARIF,MIRPUR,DARUS SALAM,7315,,,,1AG00036,MD. SHAFIKUL ALAM,,,1AM00036,MRS. JASMIN ALAM,,,উম্মে হালিমাতুস সাদিয়া,মোঃ শফিকুল আলম,মিসেস জেসমিন আলম
__export__.education_application_35_98504fa3,__export__.education_admission_register_1,FALSE,,A+,Internal,DHAKA,NOAKHALI,,base.main_company,base.bd,base.bd,2011-01-31,,1861586592,1AF00035,MD. ALAUDDIN,Male,,,,0,education_core.education_medium_data,,education_core.education_medium_data,MD. ILTIMAS UDDIN ARIYAN,base.bd,FALSE,,__export__.eschool_student_guardian_relation_1_384b6a5a,,35,A,,,Draft,NORTH TOLER BAG,SHAHJAD PUR PATOARIR HUT,MIRPUR,COMPANI GONJ,7264,,,,1AG00035,MD. ALAUDDIN,,,1AM00035,MRS. LUTFUN NAHER,,,মোঃ ইলতিমাস উদ্দিন আরিয়ান,মোঃ আলাউদ্দিন,মিসেস লুৎফুন নাহার
__export__.education_application_34_bab1b971,__export__.education_admission_register_1,FALSE,,A+,Internal,DHAKA,VHOLA,,base.main_company,base.bd,base.bd,2011-05-03,,1712096584,1AF00034,MD. MAKSUDUR RAHMAN,Male,,,,0,education_core.education_medium_data,,education_core.education_medium_data,TAHMID RAHMAN,base.bd,FALSE,,__export__.eschool_student_guardian_relation_1_384b6a5a,,34,A,,,Draft,"HOUSE-123/5/D, ROAD-10, SOUTH BISHIL",ROYCHAND DO,MIRPUR,LALMOHON,7258,,,,1AG00034,MD. MAKSUDUR RAHMAN,,,1AM00034,TONIMA MAHMUDA,,,তাহমিদ রহমান,মোঃ মাকসুদুর রহমান,তনিমা মাহমুদা
__export__.education_application_33_cac933c0,__export__.education_admission_register_1,FALSE,,A+,Internal,DHAKA,LAXMIPUR,,base.main_company,base.bd,base.bd,2011-06-10,,1720191671,1AF00033,RAHAMAT ULLAH,Male,,,,0,education_core.education_medium_data,,education_core.education_medium_data,TAHASIN ISLAM,base.bd,FALSE,,__export__.eschool_student_guardian_relation_1_384b6a5a,,33,A,,,Draft,"181/1/A, AHMED NAGAR, MIDDLE PAIKPARA",SULLTAN BAPARI BARI SOUTH HAISADI,MIRPUR,GANGA PUR,7349,,,,1AG00033,RAHAMAT ULLAH,,,1AM00033,TAMANNA YEASMIN,,,তাহসিন ইসলাম,রহমত উল্লাহ,তামান্না ইয়াসমিন
__export__.education_application_32_d9d3d857,__export__.education_admission_register_1,FALSE,,A+,Internal,DHAKA,JAMAL PUR,,base.main_company,base.bd,base.bd,2011-10-21,,1234567890,1AF00032,MD. AZHARUL ISLAM,Male,,,,0,education_core.education_medium_data,,education_core.education_medium_data,ASHLIA BINTA AZHAR,base.bd,FALSE,,__export__.eschool_student_guardian_relation_1_384b6a5a,,32,A,,,Draft,"125/2, ROAD NO-10, SOUTH BISHIL",SOUTH KISHMAT JALLA ISLAM PUR,MIRPUR,DO,7305,,,,1AG00032,MD. AZHARUL ISLAM,,,1AM00032,ROKSANA AKTER RUBI,,,আশলিয়া বিনতে আজহার,মোঃ আজহারুল ইসলাম,রোকসানা আক্তার রুবি
__export__.education_application_31_c00a9eca,__export__.education_admission_register_1,FALSE,,A+,Internal,DHAKA,MUNSHIGONJ,,base.main_company,base.bd,base.bd,2010-03-25,,1718435599,1AF00031,ABDUR RASHID MEA ASIF,Male,,,,0,education_core.education_medium_data,,education_core.education_medium_data,AFTAB AHMED ARAF,base.bd,FALSE,,__export__.eschool_student_guardian_relation_1_384b6a5a,,31,A,,,Draft,"2/7, E-5, TOLER BAG R/A",MAJID PUR DOYHATA DO,MIRPUR,SREENAGAR,7284,,,,1AG00031,ABDUR RASHID MEA ASIF,,,1AM00031,SAYMA JAHAN PLABON,,,আফতাব আহমেদ আরাফ,আবদুর রশিদ মিয়া আসিফ,সায়মা জাহান প্লাবন
__export__.education_application_30_cd2c620a,__export__.education_admission_register_1,FALSE,,A+,Internal,DHAKA,DHAKA,,base.main_company,base.bd,base.bd,2011-12-11,,1234567890,1AF00030,MOHAMMAD SHAHABUDDIN CHOWDHURY,Male,,,,0,education_core.education_medium_data,,education_core.education_medium_data,SAFA NUR CHOWDHURY,base.bd,FALSE,,__export__.eschool_student_guardian_relation_1_384b6a5a,,30,A,,,Draft,"22/11, TOLERBAG","2/8/E, TOLER BAGH B.D. SHARIF",MIRPUR,DARUS SALAM,7256,,,,1AG00030,MOHAMMAD SHAHABUDDIN CHOWDHURY,,,1AM00030,FARGANA CHOWDHURY,,,সাফা নূর চৌধুরী,মোহাম্মদ শাহাবুদ্দীন চৌধুরী,ফারজানা চৌধুরী
__export__.education_application_29_53091b6c,__export__.education_admission_register_1,FALSE,,A+,Internal,DHAKA,MADARIPUR,,base.main_company,base.bd,base.bd,2011-03-31,,1844096971,1AF00029,MOHAMMAD MUNGUR ALAM,Male,,,,0,education_core.education_medium_data,,education_core.education_medium_data,ABRAR NIHAL RAWNAK,base.bd,FALSE,,__export__.eschool_student_guardian_relation_1_384b6a5a,,29,A,,,Draft,"67, JONAKI ROAD, AHMED NAGAR",SOTO BOHERA TALA BOHERA TOLA,MIRPUR,SHIPCHAR,7448,,,,1AG00029,MOHAMMAD MUNGUR ALAM,,,1AM00029,SHAKILA PARVIN,,,আবরার নিহাল রওনাক,মোহাম্মদ মঞ্জুর আলম,শাকিলা পারভিন
__export__.education_application_28_9f47db95,__export__.education_admission_register_1,FALSE,,A+,Internal,DHAKA,JINAIDAH,,base.main_company,base.bd,base.bd,2011-12-30,,1716616462,1AF00028,H.M.SAHIDUZZAMAN,Male,,,,0,education_core.education_medium_data,,education_core.education_medium_data,MD. WASIFUZZAMAN UTSHO,base.bd,FALSE,,__export__.eschool_student_guardian_relation_1_384b6a5a,,28,A,,,Draft,"52/22/A, MIDDLE PAIKPARA",DAMUKDIA BISNUDIA,MIRPUR,SWLOKUPA,7248,,,,1AG00028,H.M.SAHIDUZZAMAN,,,1AM00028,MOST. JANNATUL MAWA,,,মোঃ ওয়াসিফউজ্জামান উৎস,এইচ.এম সহিদুজ্জামান,মোসাঃ জান্নাতুল মাওয়া
__export__.education_application_27_a73753a6,__export__.education_admission_register_1,FALSE,,A+,Internal,DHAKA,DHAKA,,base.main_company,base.bd,base.bd,2011-12-20,,1972727340,1AF00027,MD. SURUZZAMAN,Male,,,,0,education_core.education_medium_data,,education_core.education_medium_data,TASHAUB ZAMAN TAHIR,base.bd,FALSE,,__export__.eschool_student_guardian_relation_1_384b6a5a,,27,A,,,Draft,6 NO MIDDLE PAIKPARA,DO MIRPUR,MIRPUR,DO,7316,,,,1AG00027,MD. SURUZZAMAN,,,1AM00027,LOVELY ZAMAN,,,তাসহাব জামান তাহের,মোঃ সুরুজ্জামান,লাভলী জামান
__export__.education_application_26_58a26714,__export__.education_admission_register_1,FALSE,,A+,Internal,DHAKA,SHARIAT PUR,,base.main_company,base.bd,base.bd,2012-01-03,,1718190035,1AF00026,ABDUL WAHED SARDER,Male,,,,0,education_core.education_medium_data,,education_core.education_medium_data,WAZIHA WAHED,base.bd,FALSE,,__export__.eschool_student_guardian_relation_1_384b6a5a,,26,A,,,Draft,"HOUSE NO-11, ROAD-03, BLOCK-D,",MOLONG CHARA NAGER PARA,MIRPUR,GOSHER HUT,7318,,,,1AG00026,ABDUL WAHED SARDER,,,1AM00026,RUMANA GIAS TULI,,,ওয়াজিদ ওয়াহেদ,আবদুল ওয়াহেদ সরদার,রুমানা গিয়াস তুলি
__export__.education_application_25_1fdfa507,__export__.education_admission_register_1,FALSE,,A+,Internal,DHAKA,GAZIPUR,,base.main_company,base.bd,base.bd,2011-11-13,,176659362,1AF00025,MD. ZAHIRUL ISLAM KABIR,Male,,,,0,education_core.education_medium_data,,education_core.education_medium_data,KANIZ FATEMA BIVA,base.bd,FALSE,,__export__.eschool_student_guardian_relation_1_384b6a5a,,25,A,,,Draft,"312/4, SHAPLA HOUSING, TOLER BAG 3 NO GATE",SONAB BALDI GHAT,MIRPUR,SREEPUR,7238,,,,1AG00025,MD. ZAHIRUL ISLAM KABIR,,,1AM00025,NURUN NAHAR,,,কানিজ ফাতেমা বিভা,মোঃ জহিরুল ইসলাম কবির,নুরুন নাহার
__export__.education_application_24_25d6b531,__export__.education_admission_register_1,FALSE,,A+,Internal,DHAKA,DHAKA,,base.main_company,base.bd,base.bd,2011-05-29,,1917201554,1AF00024,KHAN MD. SHAHRIAR,Male,,,,0,education_core.education_medium_data,,education_core.education_medium_data,SARINA KHANOM SIDRA,base.bd,FALSE,,__export__.eschool_student_guardian_relation_1_384b6a5a,,24,A,,,Draft,"102 NO, SOUTH BISHIL, ROAD NO-04",DO B.D. SHARIF,MIRPUR,DARUS SALAM,7253,,,,1AG00024,KHAN MD. SHAHRIAR,,,1AM00024,MOST. MONIRA KHATUN,,,সারিনা খানম সিড্রা,খান মোঃ শাহরিয়ার,মোসাঃ মনিরা খাতুন
__export__.education_application_23_3b4c248b,__export__.education_admission_register_1,FALSE,,A+,Internal,DHAKA,DHAKA,,base.main_company,base.bd,base.bd,2011-11-14,,1747992842,1AF00023,MD. MIR SHAFIQUR RAHMAN,Male,,,,0,education_core.education_medium_data,,education_core.education_medium_data,MIR PRIYA RAHMAN,base.bd,FALSE,,__export__.eschool_student_guardian_relation_1_384b6a5a,,23,A,,,Draft,"9/5-A, TOLER BAG","166/19,EAST MADAR TAKE BASHABO",MIRPUR,SABUJ BAG,7333,,,,1AG00023,MD. MIR SHAFIQUR RAHMAN,,,1AM00023,PARUL RAHMAN,,,মির প্রিয়া রহমান,মোঃ মির শফিকুর রহমান,পারুল রহমান
__export__.education_application_22_a25bdccf,__export__.education_admission_register_1,FALSE,,A+,Internal,DHAKA,DO,,base.main_company,base.bd,base.bd,2011-07-02,,1234567890,1AF00022,MD. OMAR FAROK,Male,,,,0,education_core.education_medium_data,,education_core.education_medium_data,MD. SHAIKHUL AREFIN,base.bd,FALSE,,__export__.eschool_student_guardian_relation_1_384b6a5a,,22,A,,,Draft,"305, SOUTH  PAIKPARA","BAHADUR PUR BHAWL, MIRZA PUR",MIRPUR,GAZIPUR,7282,,,,1AG00022,MD. OMAR FAROK,,,1AM00022,LAILA ALAUDDIN,,,মোঃ শাইখুল আরিফিন,মোঃ ওমর ফারুক,লায়লা আলাউদ্দিন
__export__.education_application_21_fc37b06c,__export__.education_admission_register_1,FALSE,,A+,Internal,DHAKA,FARIDPUR,,base.main_company,base.bd,base.bd,2011-09-03,,1715109301,1AF00021,MD. SHAMSUL HAQUE MOLLA,Male,,,,0,education_core.education_medium_data,,education_core.education_medium_data,MD. ABDUL AHAD MOLLA,base.bd,FALSE,,__export__.eschool_student_guardian_relation_1_384b6a5a,,21,A,,,Draft,"225/1, AHMED NAGAR PAIKPARA",ARPARA SHIRGRAM,MIRPUR,ALFADHANGA,7438,,,,1AG00021,MD. SHAMSUL HAQUE MOLLA,,,1AM00021,MST. BOBITA HOQUE,,,মো আবদুল আহাদ মোল্লা,মোঃ শামসুল হক মোল্লা,মোসাঃ ববিতা হক
__export__.education_application_20_fb1b66cd,__export__.education_admission_register_1,FALSE,,A+,Internal,DHAKA,CHAND PUR,,base.main_company,base.bd,base.bd,2011-02-22,,1716985244,1AF00020,JASHIM HOSSAIN,Male,,,,0,education_core.education_medium_data,,education_core.education_medium_data,ABDULLAH AL JUMAN,base.bd,FALSE,,__export__.eschool_student_guardian_relation_1_384b6a5a,,20,A,,,Draft,119/9-A TYPE GOVT. QUERTER ANSWER CAMP,TONGIR PAR HATILA TONGIR PA,MIRPUR,HAZIGONJ,7337,,,,1AG00020,JASHIM HOSSAIN,,,1AM00020,AMENA AKTER,,,আব্দুল আল জুমান,জসিম হোসেন,আমেনা আক্তার
__export__.education_application_19_3e43fd4d,__export__.education_admission_register_1,FALSE,,A+,Internal,DHAKA,B. BARIA,,base.main_company,base.bd,base.bd,2011-03-04,,1921491373,1AF00019,MD. HABIBULLA,Male,,,,0,education_core.education_medium_data,,education_core.education_medium_data,RABEYA BASRI,base.bd,FALSE,,__export__.eschool_student_guardian_relation_1_384b6a5a,,19,A,,,Draft,"HOUSE NO-2/B, ROAD NO-11, SOUTH BISHIL",TIARA PARA BITGAR,MIRPUR,NOBINAGAR,7445,,,,1AG00019,MD. HABIBULLA,,,1AM00019,MRS. SONIA,,,রাবেয়া বসরী,মোঃ হাবিবুল্লাহ,মিসেস সোনিয়া
__export__.education_application_18_810c52b6,__export__.education_admission_register_1,FALSE,,A+,Internal,DHAKA,DHAKA,,base.main_company,base.bd,base.bd,2011-10-23,,1683571794,1AF00018,MD. HELAL UDDIN DULAL,Male,,,,0,education_core.education_medium_data,,education_core.education_medium_data,HOSAYEB AHMED HAMIM,base.bd,FALSE,,__export__.eschool_student_guardian_relation_1_384b6a5a,,18,A,,,Draft,"185/A, SOUTH BISHIL",DO B.D. SHARIF,MIRPUR,DARUS SALAM,7269,,,,1AG00018,MD. HELAL UDDIN DULAL,,,1AM00018,NINA ISLAM,,,হুসেইব আহমেদ হামিম,মোঃ হেলাল উদ্দিন দুলাল,নিনা ইসলাম
__export__.education_application_17_cf215ce7,__export__.education_admission_register_1,FALSE,,A+,Internal,DHAKA,COMILLA,,base.main_company,base.bd,base.bd,2011-11-27,,9000929,1AF00017,A.B.M. NAZAM UDDIN,Male,,,,0,education_core.education_medium_data,,education_core.education_medium_data,NOWSHIN TABASSUM NEYA,base.bd,FALSE,,__export__.eschool_student_guardian_relation_1_384b6a5a,,17,A,,,Draft,"B-5/5, DHAKA SHIK SHA BOARD STAFF QUERTER",BOWDDER KHIL CHADDGRAM,MIRPUR,DO,7291,,,,1AG00017,A.B.M. NAZAM UDDIN,,,1AM00017,FARIA SULTANA,,,নওশিন তাবাস্সুম নেয়া,এবিএম. নাজাম উদ্দিন,ফারিয়া সুলতানা
__export__.education_application_16_6ff65453,__export__.education_admission_register_1,FALSE,,A+,Internal,DHAKA,DHAKA,,base.main_company,base.bd,base.bd,2011-09-07,,1733969088,1AF00016,MD. DELOWAR HOSSAIN,Male,,,,0,education_core.education_medium_data,,education_core.education_medium_data,NABEEL BIN DELOWAR,base.bd,FALSE,,__export__.eschool_student_guardian_relation_1_384b6a5a,,16,A,,,Draft,"371/5, AHMED NAGAR PAIKPARA",DO MIRPUR,MIRPUR,DO,7339,,,,1AG00016,MD. DELOWAR HOSSAIN,,,1AM00016,JAKIA NASRIN,,,নাবিল বিন দেলওয়ার,মোঃ দেলোয়ার হোসেন,জাকিয়া নাসরিন
__export__.education_application_15_468a0f6e,__export__.education_admission_register_1,FALSE,,A+,Internal,DHAKA,DO,,base.main_company,base.bd,base.bd,2011-03-25,,1811412187,1AF00015,MD. JAHANGIR ALAM,Male,,,,0,education_core.education_medium_data,,education_core.education_medium_data,JANNATUL FERDOUS JUTHI,base.bd,FALSE,,__export__.eschool_student_guardian_relation_1_384b6a5a,,15,A,,,Draft,"281/4, AHMED NAGAR PAIKPARA",GONA DO,MIRPUR,SHATKHIRA,7340,,,,1AG00015,MD. JAHANGIR ALAM,,,1AM00015,RAHIMA,,,জান্নাতুল ফেরদৌস জুথি,মোঃ জাহাঙ্গীর আলম,রহিমা
__export__.education_application_14_57003ebd,__export__.education_admission_register_1,FALSE,,A+,Internal,DHAKA,FARIDPUR,,base.main_company,base.bd,base.bd,2011-10-13,,1819122856,1AF00014,SUBRATA KUMAR MUKHERJEE,Male,,,,0,education_core.education_medium_data,,education_core.education_medium_data,SAGNIK MUKHERJEE,base.bd,FALSE,,__export__.eschool_student_guardian_relation_1_384b6a5a,,14,A,,,Draft,"19/2/5, NORTH TOLER BAGH, ANSWER CAMP",BISHNOPUR ESHANPUR,MIRPUR,SADAR,7326,,,,1AG00014,SUBRATA KUMAR MUKHERJEE,,,1AM00014,POLY BANERJEE,,,সাগনিক মুখার্জি,সুব্রত কুমার মুখার্জী,পলি ব্যানার্জি
__export__.education_application_13_dbe702d5,__export__.education_admission_register_1,FALSE,,A+,Internal,DHAKA,B.BARIA,,base.main_company,base.bd,base.bd,2011-07-22,,1723820280,1AF00013,MAHABUBUL ALAM,Male,,,,0,education_core.education_medium_data,,education_core.education_medium_data,MEHNAJ ALAM NIDRITA,base.bd,FALSE,,__export__.eschool_student_guardian_relation_1_384b6a5a,,13,A,,,Draft,"334/7/B, HAJI MONIRUDDIN ROAD, AHMED NAGAR",DHARABHANGA SOLIMGONJ,MIRPUR,NABINAGAR,7338,,,,1AG00013,MAHABUBUL ALAM,,,1AM00013,FERDAUSI AKTER,,,মেহনাজ আলম নিদ্রিতা,মাহাবুবুল আলম,ফেরদৌসী আক্তার
__export__.education_application_12_8ac6d1bd,__export__.education_admission_register_1,FALSE,,A+,Internal,DHAKA,DHAKA,,base.main_company,base.bd,base.bd,2011-12-31,,1556337840,1AF00012,MOSHAROF HOSSAIN,Male,,,,0,education_core.education_medium_data,,education_core.education_medium_data,MD. NAHIAN MOSHAROF,base.bd,FALSE,,__export__.eschool_student_guardian_relation_1_384b6a5a,,12,A,,,Draft,"19/G/1, NORTH TOLER BAGH",GANOK PARA SIMULIA,MIRPUR,ASHULIA,7307,,,,1AG00012,MOSHAROF HOSSAIN,,,1AM00012,NARGIS AKTER,,,মোঃ নাহিয়ান মোশারফ,মোশারফ হোসেন,নার্গিস আক্তার
__export__.education_application_11_e2931e52,__export__.education_admission_register_1,FALSE,,A+,Internal,DHAKA,NORSINDI,,base.main_company,base.bd,base.bd,2011-08-09,,1916100339,1AF00011,MOHAMMAD ASHRAFUL ISLAM,Male,,,,0,education_core.education_medium_data,,education_core.education_medium_data,M AFRANUL ISLAM,base.bd,FALSE,,__export__.eschool_student_guardian_relation_1_384b6a5a,,11,A,,,Draft,"7/4/1, MIDDLE PAIKPARA",CHAR MORJAL MORJAL BAZER,MIRPUR,ROYPURA,7311,,,,1AG00011,MOHAMMAD ASHRAFUL ISLAM,,,1AM00011,MOSA. SHAMIMA SULTANA,,,এম আফরানুল ইসলাম,মোহাম্মদ আশরাফুল ইসলাম,মোসাঃ শামীমা সুলতানা
__export__.education_application_10_8c49cbb8,__export__.education_admission_register_1,FALSE,,A+,Internal,DHAKA,NOAKHALI,,base.main_company,base.bd,base.bd,2011-12-01,,1631850058,1AF00010,MD. NASIR UDDIN,Male,,,,0,education_core.education_medium_data,,education_core.education_medium_data,NASEHA NUDAR TAJALLI,base.bd,FALSE,,__export__.eschool_student_guardian_relation_1_384b6a5a,,10,A,,,Draft,"171, MIDDLE PAIKPARA",SUNACHAR SURJAMUKHI BAZER,MIRPUR,HATIA,7335,,,,1AG00010,MD. NASIR UDDIN,,,1AM00010,MARGAN AKHTER,,,নাসেহা নূদার তাজাল্লী,মোঃ নাসির উদ্দিন,মারজান আক্তার
__export__.education_application_9_94e21df2,__export__.education_admission_register_1,FALSE,,A+,Internal,DHAKA,TANGAIL,,base.main_company,base.bd,base.bd,2011-12-30,,1556466195,1AF00009,MD. ABU BAKAR SIDIQUE,Male,,,,0,education_core.education_medium_data,,education_core.education_medium_data,MD. TAWHID SIDDIQUE,base.bd,FALSE,,__export__.eschool_student_guardian_relation_1_384b6a5a,,9,A,,,Draft,"334/8, MONIRUDDIN ROAD, AHMED NAGAR PAIKPARA",BRHAMON KHOLA ALAL PUR,MIRPUR,DELDUAR,7344,,,,1AG00009,MD. ABU BAKAR SIDIQUE,,,1AM00009,TASLIMA SIDDIQUE,,,মোঃ তৌহিদ সিদ্দিকী,মোঃ আবু বকর সিদ্দিক,তসলিমা সিদ্দিকী
__export__.education_application_8_16fd4bd7,__export__.education_admission_register_1,FALSE,,A+,Internal,DHAKA,DHAKA,,base.main_company,base.bd,base.bd,2011-06-01,,1721789679,1AF00008,MOHAMMAD JAHIR UDDIN,Male,,,,0,education_core.education_medium_data,,education_core.education_medium_data,ZARIN TASNIM ZARA,base.bd,FALSE,,__export__.eschool_student_guardian_relation_1_384b6a5a,,8,A,,,Draft,"1/9/3/A, FLAT NO-2/C, TOLER BAGH",DO B.D. SHARIF,MIRPUR,DARUS SALAM,7324,,,,1AG00008,MOHAMMAD JAHIR UDDIN,,,1AM00008,KHALEDA PARVIN,,,জারিন তাসনিম জারা,মুহাম্মদ জহির উদ্দিন,খালেদা পারভীন
__export__.education_application_7_8793229c,__export__.education_admission_register_1,FALSE,,A+,Internal,DHAKA,DHAKA,,base.main_company,base.bd,base.bd,2011-01-08,,1731803606,1AF00007,MD. ILLIUS KHAN,Male,,,,0,education_core.education_medium_data,,education_core.education_medium_data,ISRAT JAHAN ARFI,base.bd,FALSE,,__export__.eschool_student_guardian_relation_1_384b6a5a,,7,A,,,Draft,"74/2-1, SHAH ALI BAG",DO MIRPUR,MIRPUR,DO,7327,,,,1AG00007,MD. ILLIUS KHAN,,,1AM00007,NASRIN KHAN,,,ইসরাত জাহান আরফি,মোঃ ইলিয়াস খান,নাসরিন খান
__export__.education_application_6_fd0c2752,__export__.education_admission_register_1,FALSE,,A+,Internal,DHAKA,COMILLA,,base.main_company,base.bd,base.bd,2011-11-21,,1819156038,1AF00006,MD. NASIR UDDIN BABLU,Male,,,,0,education_core.education_medium_data,,education_core.education_medium_data,MOHAMMED ARIAN IBNE NASIR OHIN,base.bd,FALSE,,__export__.eschool_student_guardian_relation_1_384b6a5a,,6,A,,,Draft,"WHITE ROZE 22/11, TOLER BAG",SINAI MURI PODUYA BAZER,MIRPUR,CHODDGRAM,7300,,,,1AG00006,MD. NASIR UDDIN BABLU,,,1AM00006,MRS. NILUFA YEASMIN,,,মোহাম্মাদ আরিয়ান ইবনে নাসের ওসিন,মোঃ নাসির উদ্দীন বাবলু,মিসেস নিলুফা ইয়াসমিন
__export__.education_application_5_26bde817,__export__.education_admission_register_1,FALSE,,A+,Internal,DHAKA,DO,,base.main_company,base.bd,base.bd,2011-09-29,,1746055967,1AF00005,SAHIN HOSSAIN,Male,,,,0,education_core.education_medium_data,,education_core.education_medium_data,SADAT HOSSAIN SAN,base.bd,FALSE,,__export__.eschool_student_guardian_relation_1_384b6a5a,,5,A,,,Draft,"75/2, SHAH ALI BAG",VATIYA PARA GOBRA,MIRPUR,GOPAL GONJ,7352,,,,1AG00005,SAHIN HOSSAIN,,,1AM00005,LATIFA YESMIN,,,সাদাত হোসেন সান,শাহীন হোসেন,লতিফা ইয়াসমিন
__export__.education_application_4_27690df6,__export__.education_admission_register_1,FALSE,,A+,Internal,DHAKA,GOPOAL GONJ,,base.main_company,base.bd,base.bd,2011-07-21,,1713258750,1AF00004,MAHBUBUR RAHMAN,Male,,,,0,education_core.education_medium_data,,education_core.education_medium_data,MEHTAZARA BINTE MAHBUB,base.bd,FALSE,,__export__.eschool_student_guardian_relation_1_384b6a5a,,4,A,,,Draft,"32/20/3B, MIDDLE PAIKPARA, ANSWER CAMP",BETHURI RAMDIA COLLEGE,MIRPUR,KASHIANI,7277,,,,1AG00004,MAHBUBUR RAHMAN,,,1AM00004,ARIFA CHOWDHURU,,,মেহতাজারা বিনতে মাহবুব,মাহাবুবুর রহমান,আরিফা চৌধুরী
__export__.education_application_3_645e7b92,__export__.education_admission_register_1,FALSE,,A+,Internal,DHAKA,JESSHORE,,base.main_company,base.bd,base.bd,2011-12-16,,1922466080,1AF00003,M.M. YAQUB ALI,Male,,,,0,education_core.education_medium_data,,education_core.education_medium_data,NUSRAT JAHAN NOVA,base.bd,FALSE,,__export__.eschool_student_guardian_relation_1_384b6a5a,,3,A,,,Draft,"87/3, C-TYPE, PAIK PARA GOVT QUERTER",NAWLI SIDDI PASHA,MIRPUR,ABOYNAGAR,7312,,,,1AG00003,M.M. YAQUB ALI,,,1AM00003,MOST. RUBIA KHANAM,,,নুসরত জাহান নোভা,গ.গ. ইয়াকবাল আলী,মোসাঃ রুবি খানম
__export__.education_application_2_b560d73e,__export__.education_admission_register_1,FALSE,,A+,Internal,DHAKA,KUSTIA,,base.main_company,base.bd,base.bd,2011-12-30,,1918820160,1AF00002,MD. TARIKUL ISLAM,Male,,,,0,education_core.education_medium_data,,education_core.education_medium_data,MD. RUHAN HOSSAIN,base.bd,FALSE,,__export__.eschool_student_guardian_relation_1_384b6a5a,,2,A,,,Draft,"137/9, C-TYPE GOVT. QUERTER, TOLER BAG",KHOKSHA COLLEGE PARA JANIPUR,MIRPUR,KHOKSHA,7313,,,,1AG00002,MD. TARIKUL ISLAM,,,1AM00002,LABONI KHATUN,,,মোঃ রুহান হোসেন,মোঃ তরিকুল ইসলাম,লাবনী খাতুন
__export__.education_application_1_2fe26bb0,__export__.education_admission_register_1,FALSE,,A+,Internal,DHAKA,SHATKHIRA,,base.main_company,base.bd,base.bd,2011-06-03,,1712034586,1AF00001,MD. RAFIQUL ISLAM,Male,,,,0,education_core.education_medium_data,,education_core.education_medium_data,FARHINA FARIN,base.bd,FALSE,,__export__.eschool_student_guardian_relation_1_384b6a5a,,1,A,,,Draft,"312/7/6, LALKUTI 1ST COLONI MAZER R OAD",FAKRABAD BORODAL,MIRPUR,ASHASUNI,7234,,,,1AG00001,MD. RAFIQUL ISLAM,,,1AM00001,MAHBUBA RAHMAN NIPA,,,ফারহিনা ফারিন,মোঃ রফিকুল ইসলাম,মাহবুবা রহমান নিপা
