id,register_id/id,guardian_relation,student_id,roll_no,section,name,name_b,father_name,father_name_b,guardian_name,mother_name,mother_name_b,date_of_birth,student_category,street,street2,city,father_mobile,mobile,per_street,per_street2,per_city,is_same_address,gender,religion_id/id,class_id,guardian_NID,father_NID,mother_NID
,__export__.education_admission_register_3,Father,6353,1,A,ABU MUSA ASHARE,আবু মুসা আশরাফি,MD. LUTFOR RAHMAN,মোঃ লুৎফর রহমান,MD. LUTFOR RAHMAN,ROZINA AKTER,রোজিনা আকতার,2009-03-14,External,"334, 1/KHA, AHMED NAGOR",MIRPUR,DHAKA,1731806460,1731806460,DO DO,DO,DHAKA,FALSE,Male,,,3AG00001,3AF00001,3AM00001
,__export__.education_admission_register_3,Father,6441,2,A,MD. MASUDUR RAHMAN,মোঃ মাসুদুর রাহমান,MD. ABDUR RAHMAN,মোঃ আব্দুর রহমান,MD. ABDUR RAHMAN,SALMA KHATUN,সালমা খাতুন,2009-12-21,External,"19/D-7, UTTRA BABON TOLER BAGH",MIRPUR,DHAKA,1711015125,1711015125,MANIKHAR SENER GATHI,TALA,SHATKHIRA,FALSE,Male,,,3AG00002,3AF00002,3AM00002
,__export__.education_admission_register_3,Father,6333,3,A,MAKSURATUN KHIUM,মাকসুরাতুন খৈয়াম,MASUM BEG,মাসুম বেগ,MASUM BEG,MRS. FAIZA ZAMAN,মিসেস ফাইজা জামান,2009-03-30,External,"HOUSE AN NOOR TOWER, SOUTH BISIL",MIRPUR,DHAKA,1923204242,1923204242,TALDIGI TALDIGI BAZER,TARA KANDA,MYMENSINGH,FALSE,Male,,,3AG00003,3AF00003,3AM00003
,__export__.education_admission_register_3,Father,6394,4,A,SOAIBUR RAHMAN,সোয়েবুর রহমান,KAMAL HOSSAIN,কামাল হোসেন,KAMAL HOSSAIN,AYSHA AKTER,আয়শা আক্তার,2010-02-05,External,"C1/5, DHAKA SHIKSHA BOARD STAFF QUERTER",MIRPUR,DHAKA,1723444124,1723444124,BORIPASHA DO,BOWFAL,POTUAKHALI,FALSE,Male,,,3AG00004,3AF00004,3AM00004
,__export__.education_admission_register_3,Father,6379,5,A,SHAK UMOR FARUK,শেক উমর ফারুক,SHAK DIN MOHAMMAD,শেক দিন মোহাম্মদ,SHAK DIN MOHAMMAD,MOON MOON,মুন মুন,2009-12-30,External,"12/6/B, TOLARBAG",MIRPUR,DHAKA,1819427691,1819427691,GONIA DO,FARIDGONJ,CHANDPUR,FALSE,Male,,,3AG00005,3AF00005,3AM00005
,__export__.education_admission_register_3,Father,6439,6,A,PROTIK  MANDOLE,প্রতিক মন্ডল,SREE VHAJAN KUMAR MONDAL,শ্রী ভজন কুমার মন্ডল,SREE VHAJAN KUMAR MONDAL,JHUMUR MONDAL,ঝুমুর মন্ডল,2009-07-01,External,39 SHAH ALI BAGH,MIRPUR,DHAKA,1712917223,1712917223,BAGAR CHAR DO,SINGAIR,MANIKGONJ,FALSE,Male,,,3AG00006,3AF00006,3AM00006
,__export__.education_admission_register_3,Father,6311,7,A,MD. FARHAN TANVIR KABBO,মোঃ ফারহান তানভীর কাব্বো,MD. PARVEJ RANA,মোঃ পারভেজ রানা,MD. PARVEJ RANA,MOST. ROKSANA PARVN,মোসাঃ রোকসানা পারভন,2009-12-25,External,"19-D-7, UTTOR  TOLAR",MIRPUR,DHAKA,1715597441,1715597441,KHALESPUR SHOLYKUPA,DO,JINIDOHI,FALSE,Male,,,3AG00007,3AF00007,3AM00007
,__export__.education_admission_register_3,Father,6485,8,A,RAISHA AKTER,রাইশা আকতার,MD. ABDUL KADER,মোঃ আবদুল কাদের,MD. ABDUL KADER,NASIMA AKTER,নাসিমা আক্তার,2009-05-03,External,"353/4-C, WEST AHMED NAGAR PAIKPARA",MIRPUR,DHAKA,1816402302,1816402302,MOSISHASHI SANORA,DHAMRAI,DHAKA,FALSE,Male,,,3AG00008,3AF00008,3AM00008
,__export__.education_admission_register_3,Father,6550,9,A, LIYANA KHAN,লিয়ানা খান,MD. MOSTAFIZUR RAHMAN KHAN,মোঃ মোস্তাফিজুর রহমান খান,MD. MOSTAFIZUR RAHMAN KHAN,AYESHA AKTER,আয়শা আক্তার,2009-04-21,External,"B-39/5, WAK-UP GOVT. COLONI",MIRPUR,DHAKA,1759314466,1759314466,GOLDA 5 NO WORD,SINGAIR,MANIKGONJ,FALSE,Male,,,3AG00009,3AF00009,3AM00009
,__export__.education_admission_register_3,Father,6447,10,A,SINJON BISWAS ORKHO,সিঞ্জন বিশ্বাস অর্ক,TAPAS KANTI BISWAS,তপস কান্তি বিশ্বাস,TAPAS KANTI BISWAS,APARNA MONDAL,অপর্ণা মন্ডল,2009-09-14,External,"9/6, TOLER BAGH",MIRPUR,DHAKA,1712626057,1712626057,SEORA BARI TUTHA MANDA,GOPALGONJ,DO,FALSE,Male,,,3AG00010,3AF00010,3AM00010
,__export__.education_admission_register_3,Father,6317,11,A,MD. FAHIM CHOWDHURY,মোঃ ফাহিম চৌধুরী,MD. MORSHED CHOWDHURY,মোঃ মোর্শেদ চৌধুরী,MD. MORSHED CHOWDHURY,FAHIMA,ফাহিমা,2009-10-06,External,"143/A, ROAD 9, SOUTH BISHIL",MIRPUR,DHAKA,1925253951,1925253951,GAJARIA PARA RAJENDRA PUR,DO,GAZIPUR,FALSE,Male,,,3AG00011,3AF00011,3AM00011
,__export__.education_admission_register_3,Father,6486,12,A,MASHFIA HOSSAIN JARA,মাশফিয়া হোসেন যারা,MOHUMMAD ZAKIR HOSSAIN PATWARY,মুহম্মদ জাকির হোসেন পাটোয়ারী,MOHUMMAD ZAKIR HOSSAIN PATWARY,SHAMIMA AKTER KOLY,শামীমা আকতার কলি,2009-09-04,External,"20/14-C, CHAND PUR NIBASH, NORTH TOLERBAGH",MIRPUR,DHAKA,1711201010,1711201010,PATHALIA BABURHUT,CHAND PUR,DO,FALSE,Male,,,3AG00012,3AF00012,3AM00012
,__export__.education_admission_register_3,Father,6443,13,A,RABIYA AKTER NAHIDA,রাবিয়া আক্তার নাহিদা,MD. NASIR UDDIN,মোঃ নাসির উদ্দিন,MD. NASIR UDDIN,HASINA BEGUM,হাসিনা বেগম,2009-08-06,External,"47/7, WALK UP COLONI",MIRPUR,DHAKA,123456970,123456970,KARIM KHA RASUL PUR,GAJARIA,MUNSHI GONJ,FALSE,Male,,,3AG00013,3AF00013,3AM00013
,__export__.education_admission_register_3,Father,6445,14,A,TABASSUM KHANDAKER OHI,তাবাসসুম খন্দকার ওহী,KHANDAKER TAIB,খন্দকার তাইব,KHANDAKER TAIB,ASMA KHATUN AKHI,আসমা খাতুন আখি,2009-12-06,External,"B-2/7, DHAKA SHIKSHA BOARD STAFF QUERTER",MIRPUR,DHAKA,1716888430,1716888430,ATHRO DANA KADAM TOLI,GATAIL,TANGAIL,FALSE,Male,,,3AG00014,3AF00014,3AM00014
,__export__.education_admission_register_3,Father,6320,15,A,TASAN ADIL,তাসান আদিল,MD. ABU SAYAM,মোঃ আবু সায়াম,MD. ABU SAYAM,TAHMINA AKTER,তাহমিনা আকতার,2009-08-16,External,"BLOCK-C, ROAD-1, HOUSE-19, MIRPUR-1",MIRPUR,DHAKA,1675019531,1675019531,DO MIRPUR,DO,DHAKA,FALSE,Male,,,3AG00015,3AF00015,3AM00015
,__export__.education_admission_register_3,Father,6282,16,A,MARZANA AFRIN SOSI,মারজানা আফরিন শশি,MD. SHAMIM HASHAN,মোঃ শামীম হাসান,MD. SHAMIM HASHAN,HAFFANAKHADIJA,হাফ্ফানা খাদিজা,2009-07-22,External,"49-B/B, 2ND COLONI",MIRPUR,DHAKA,1956917509,1956917509,DO B.D. SARIF,DARUS SALAM,DHAKA,FALSE,Male,,,3AG00016,3AF00016,3AM00016
,__export__.education_admission_register_3,Father,6343,17,A,MD. ASHEKE ,মোঃ আশিক,MD. RAMJAN ALI,মোঃ রমজান আলী,MD. RAMJAN ALI,ROJY AKTAER,রোজী আকতার,2009-08-11,External,"36/1, SHAH ALI BAGH",MIRPUR,DHAKA,1715156228,1715156228,MADAN MOHONPUR DO,NOBABGONJ,DHAKA,FALSE,Male,,,3AG00017,3AF00017,3AM00017
,__export__.education_admission_register_3,Father,6382,18,A,MD. JIHAD HOSSAIN,মোঃ জিহাদ হোসেন,MD. MONIR HOSSAIN,মোঃ মনির হোসেন,MD. MONIR HOSSAIN,ZAKIA SHACK,জাকিয়া শেক,2008-08-30,External,"H-GC/20, F-06,",MIRPUR,DHAKA,1930051034,1930051034,SOROSPUR KHAMAR WORD,KAPASHIA,GAZIPUR,FALSE,Male,,,3AG00018,3AF00018,3AM00018
,__export__.education_admission_register_3,Father,6458,19,A,MD. MUSHFIQUR RAHMAN,মোঃ মুশফিকুর রহমান,HABIBUN NABI ASHIQUR RAHMAN,হাবিবুন নবী আশিকুর রহমান,HABIBUN NABI ASHIQUR RAHMAN,REHANA AKTER,রেহানা আকতার,2009-12-12,External,"335/2, AHMED NAGAR PAIKPARA",MIRPUR,DHAKA,1714021517,1714021517,312 GOBINDAPUR COAT BARI,COMILLA,DO,FALSE,Male,,,3AG00019,3AF00019,3AM00019
,__export__.education_admission_register_3,Father,6330,20,A,INUN NAHAR IKRA,ইনুন নাহর ইশরা,MD. ASADUZZAMAN INTAZ,মোঃ আসাদুজ্জামান ইন্তাজ,MD. ASADUZZAMAN INTAZ,RUMA KHATUN,রুমা খাতুন,2010-01-01,External,"2/2, DHAKA SHIKSHA BOARD STAFF QUERTER",MIRPUR,DHAKA,1718947094,1718947094,DOBER CHAR CHAKSHABDI,SHERPUR,DO,FALSE,Male,,,3AG00020,3AF00020,3AM00020
,__export__.education_admission_register_3,Father,6396,21,A,RIA AKTER BEITH,রিয়া আক্তার বিথি,MD. BARKAT ALI,মোঃ বরকত আলী,MD. BARKAT ALI,MRS PARUL BEGUM,মিসেস পরুল বেগম,2009-06-15,External,"B-2/6, DHAKA SHIKSHA BOARD STAFF QUERTER",MIRPUR,DHAKA,1712783641,1712783641,NORIA DO,DO,SHARIAT PUR,FALSE,Male,,,3AG00021,3AF00021,3AM00021
,__export__.education_admission_register_3,Father,6313,22,A,YASIN ASHRAFI,ইয়াসিন আশরাফি,ASHRAF HOSSAIN,আশরাফ হোসেন,ASHRAF HOSSAIN,SHARMIN NAHAR,শারমিন নাহার,2009-10-23,External,"PRIMARY D\EDUCATION, STAFF QUERTERT",MIRPUR,DHAKA,1922595590,1922595590,BARHA SOUTH BARHA,DOHAR,DHAKA,FALSE,Male,,,3AG00022,3AF00022,3AM00022
,__export__.education_admission_register_3,Father,6297,23,A,LABEBA RAHMAN,লাবিবা রহমান,MD. MIZANUR RAHMAN,মোঃ মিজানুর রহমান,MD. MIZANUR RAHMAN,RUMANA FERDOUSHI,রুমানা ফেরদৌসি,2009-11-01,External,"MAHEDI TOWARS, 52/16, MIDDLE PAIKPARA",MIRPUR,DHAKA,1678712232,1678712232,DO DO,DO,DHAKA,FALSE,Male,,,3AG00023,3AF00023,3AM00023
,__export__.education_admission_register_3,Father,6303,24,A,RODALA AKTAR RINI,রোদেলা আকতার রিনি,MD. RIPON HOSSAIN,মোঃ রিপন হোসেন,MD. RIPON HOSSAIN,RASHEDA AKTAR,রাশেদা আকতার,2009-12-18,External,"21/1, TOLARBAG",MIRPUR,DHAKA,1714388662,1714388662,SHREEPUR DO,DO,GAZIPUR,FALSE,Male,,,3AG00024,3AF00024,3AM00024
,__export__.education_admission_register_3,Father,6286,25,A,RAFIA JANNAT JUI,রাফিয়া জন্নাত জুই,MD. FARUK HOSSAIN,মোঃ ফারুক হোসেন,MD. FARUK HOSSAIN,JASMEN,জেসমিন,2009-06-20,External,"A/108-7, PAIKPARA STAFF QUARTER",MIRPUR,DHAKA,1790499190,1790499190,DOMAR CHOR SHAMBUPURA,ARIYHAZAR,NARAYGONJ,FALSE,Male,,,3AG00025,3AF00025,3AM00025
,__export__.education_admission_register_3,Father,6295,26,A,MD. TANVIR HOSSAIN,মোঃ তানভীর হোসেন,MD. SHARIF HOSSAIN,মোঃ শারিফ হোসেন,MD. SHARIF HOSSAIN,MOMTAZ PARVIN,মমতাজ পারভিন,2009-05-05,External,"H-8/10 R-5, TURAG CITY",MIRPUR,DHAKA,1760989797,1760989797,MOHONGONJ CHOKCHAPRI,BARA,PABNA,FALSE,Male,,,3AG00026,3AF00026,3AM00026
,__export__.education_admission_register_3,Father,6448,27,A,ZIL JAWSHAN,জিল জশান,MD MOKHLESUR RAHMAN,মোঃ মোখলেসুর রহমান,MD MOKHLESUR RAHMAN,SHAKILA MOSTAFA,শাকিলা মোস্তফা,2009-10-11,External,"20/19, TOLER BAGH",MIRPUR,DHAKA,1711311408,1711311408,DO B.D. SARIF,DARUS SALAM,DHAKA,FALSE,Male,,,3AG00027,3AF00027,3AM00027
,__export__.education_admission_register_3,Father,6366,28,A,AYMAN SAFI,আয়মন সফি,MD. SAIFUL ISLAM,মোঃ সাইফুল ইসলাম,MD. SAIFUL ISLAM,AFROZA AKTER,আফরোজা আক্তার,2009-08-15,External,"8/B/23/4, MIDDLE PAIKPARA",MIRPUR,DHAKA,1812017411,1812017411,DO DO,DO,DHAKA,FALSE,Male,,,3AG00028,3AF00028,3AM00028
,__export__.education_admission_register_3,Father,6363,29,A,FAZLE NOOR FARDIN,ফজলে নূ ফার্দিন,MD. YOUSUF ALI,মোঃ ইইসুফ আলী,MD. YOUSUF ALI,MOBASHERA AKTHER,মোবাসসেরা আকতার,2009-10-21,External,"6/B, R-11, SOUTH BISHIL",MIRPUR,DHAKA,1735318538,1735318538,ALGA PACHGAO,DO,CHANDPUR,FALSE,Male,,,3AG00029,3AF00029,3AM00029
,__export__.education_admission_register_3,Father,6304,30,A,MD. KHOLILUR RAHMAN RAFI,মোঃ খলিলুর রহমান রাফি,MD. GOLAM MOSTAFA,মোঃ গোলাম মোস্তফা,MD. GOLAM MOSTAFA,KHOHINUR BAGEM,কোহিনুর বেগম,2009-03-03,External,"A-127, F-10, PWD STAFF QUARTER",MIRPUR,DHAKA,1715655182,1715655182,KHOLISHAUR KAPARA DO,EAST DHOLA,NETROKONA,FALSE,Male,,,3AG00030,3AF00030,3AM00030
,__export__.education_admission_register_3,Father,6368,31,A,ASIA AKTER MOMO,আছিয়া আক্তার মম,JAHIRUL ALAM,জহিরুল আলম,JAHIRUL ALAM,KOHINOOR BEGUM,কোহিনুর বেগম,2010-01-01,External,"HOL-1, R-2-1, BLOCK-G",MIRPUR,DHAKA,1716643671,1716643671,DO DO,DO,DHAKA,FALSE,Male,,,3AG00031,3AF00031,3AM00031
,__export__.education_admission_register_3,Father,6386,32,A,ARISHA ALA RIMI,আরিশা আলা রিমি,MD. YEAKUB SARDAR,মোঃ ইয়াকুব সরদার,MD. YEAKUB SARDAR,FATAMA AKTER RUBY,ফাতেমা আকতার রুবি,2009-10-16,External,"31/20/7, MIDDLE PAIKPARA",MIRPUR,DHAKA,1720219883,1720219883,DO DO,DO,DHAKA,FALSE,Male,,,3AG00032,3AF00032,3AM00032
,__export__.education_admission_register_3,Father,6306,33,A,SHIAM NUR MAHIN,শিয়াম নূর মাহিন,MD. MOKBUL HOSSAIN,মোঃ মকবুল হোসেন,MD. MOKBUL HOSSAIN,SHAMIMA HOSSAIN,শামীমা হোসেন,2009-06-05,External,"H-17/1/3, TOLARBAG",MIRPUR,DHAKA,123456970,123456970,TANGABOR GOFFORGAO,DO,MYMENSING,FALSE,Male,,,3AG00033,3AF00033,3AM00033
,__export__.education_admission_register_3,Father,6336,34,A,RIFA SANJIDA,রিফা সানজিদা,ANISUR RAHMAN,আনিসুর রহমান,ANISUR RAHMAN,NAHIDA ANTER,নাহিদা অন্তর,2009-08-28,External,9/2/4 NORTH PIRARBAG,MIRPUR,DHAKA,1911799518,1911799518,BAHIRCHAR DO,BARAMARA,KUSTIA,FALSE,Male,,,3AG00034,3AF00034,3AM00034
,__export__.education_admission_register_3,Father,6440,35,A,ATOSHI MANDOLE,আতসী মন্ডল,ADHIR RANJAN MONDAL,অধির রঞ্জান মন্ডল,ADHIR RANJAN MONDAL,TRIPTI RANI,তৃপ্তি রানী,2009-11-16,External,WALK UP COLONI ANSWER CAMP,MIRPUR,DHAKA,1720256817,1720256817,KWAR KHAL DWHARI,SARUFKATI,PIROJPOUR,FALSE,Male,,,3AG00035,3AF00035,3AM00035
,__export__.education_admission_register_3,Father,6484,36,A,SURAIYA AKTER MUMU,সুরাইয়া আকতার মুমু,MD. MONIR HOSSAIN,মোঃ মনির হোসেন,MD. MONIR HOSSAIN,MOST. MONIRA AKTER,মোসাঃ মনিরা আক্তার,2009-12-26,External,"43/5, 3RD COLONI",MIRPUR,DHAKA,1721258700,1721258700,LEMOYA KADAMTOLA,BORGUNA,DO,FALSE,Male,,,3AG00036,3AF00036,3AM00036
,__export__.education_admission_register_3,Father,6351,37,A,SHAFIA NUR NAFISA,শফিয়া নূর নাফিসা,SELIM CHOWDHORY,সেলিম চৌধুরী,SELIM CHOWDHORY,ROSY CHOWDHORY,রোজি চৌধুরী,2009-05-11,External,"361/2, UTTOR PIRERBAG",MIRPUR,DHAKA,1914692880,1914692880,MOTKHOLA WAPDHAGAT,BABURHUT,CHANDPUR,FALSE,Male,,,3AG00037,3AF00037,3AM00037
,__export__.education_admission_register_3,Father,6321,38,A,RAIYAN ISLAM TASHIN,রায়হান ইসলাম তাসহিন,MD. KHOKON MIAH,মোঃ খোকন মিয়া,MD. KHOKON MIAH,RABEYA AKTER,রাবিয়া আকতার,2009-10-11,External,"35/2, SHAH ALI BAGH",MIRPUR,DHAKA,1715194191,1715194191,DO MIRPUR,DO,DHAKA,FALSE,Male,,,3AG00038,3AF00038,3AM00038
,__export__.education_admission_register_3,Father,6319,39,A,TASFIA SADIA HASAN,তাসফিয়া সাদিয়া হাসান,S.M. KAMRUL HASAN,এস.এম. কামরুল হাসান,S.M. KAMRUL HASAN,MST. RAZIA SULTANA,মোসাঃ রাজিয়া সুলতানা,2009-04-11,External,"321/4, AHMED NAGAR AKOTA ROAD, PAIKPARA",MIRPUR,DHAKA,1711937594,1711937594,SOPURA DO,BOHALIA,RAJSHAHI,FALSE,Male,,,3AG00039,3AF00039,3AM00039
,__export__.education_admission_register_3,Father,7575,40,A,SUMAIYA HOSSAIN,সামিয়া হোসেন,MNOWAR HOSSAIN,মনোয়ার হোসেন,MNOWAR HOSSAIN,FAHMIDA HAIDER,ফাহমিদা হায়দার,2009-03-19,External,"20/14/1, NORTH TOLER BAG",MIRPUR,DHAKA,1716791303,1716791303,BORO RAZAPUR BASUR HUT,COMPANI GONJ,NOAKHALI,FALSE,Male,,,3AG00040,3AF00040,3AM00040
