id,register_id/id,guardian_relation,student_id,roll_no,section,name,name_b,father_name,father_name_b,guardian_name,mother_name,mother_name_b,date_of_birth,,student_category,street,street2,city,father_mobile,mobile,per_street,per_street2,per_city,is_same_address,gender,religion_id/id,class_id,guardian_NID,father_NID,mother_NID
,__export__.education_admission_register_2,Father,6766,1,C,MD. NUR A ALAM NAHID,মোঃ নূর এ আলাম নাহিদ,MD. ROMAN ALI,মোঃ রোমান আলী,MD. ROMAN ALI,MOST. NAZMA AKTER,মোসাঃ নাজমা আকতার,2010-06-13,,Internal,"21/22, PAIKPARA GOVT. STAFF QUERTER",MIRPUR,DHAKA,1814869398,1814869398,DAIRADI GOPALDI-1451,ARAIHAZER,NARAONGONJ,FALSE,Male,,,2CG00001,2CF00001,2CM00001
,__export__.education_admission_register_2,Father,6833,2,C,LABIBA ZAMAN,লাবিবা জামান,MD. KAMRUZZAMAN,মোঃ কামরুজ্জামান,MD. KAMRUZZAMAN,MST. FARHANA NIGAR,মোসাঃ ফারহানা নিগার,2010-05-08,,Internal,"279/1, AHMED NAGAR PAIKPARA",MIRPUR,DHAKA,1712257009,1712257009,DO MIRPUR,DO,DHAKA,FALSE,Male,,,2CG00002,2CF00002,2CM00002
,__export__.education_admission_register_2,Father,6860,3,C,ADIBA AKBAR,আদিবা আকবর,MD. ALI AKBAR,মোঃ আলী আকবর,MD. ALI AKBAR,MST. PARUL BEGUM,মোসাঃ পারুল বেগম,2010-10-29,,Internal,"198/2, NEEL PADMA, AHMED NAGAR PAIKPARA",MIRPUR,DHAKA,1819116779,1819116779,PAKHIARA PADMA PUKUR,SHAMNAGAR,SHATKHIRA,FALSE,Male,,,2CG00003,2CF00003,2CM00003
,__export__.education_admission_register_2,Father,6793,4,C,MD. SHAHED AKHTAR,মোঃ শাহেদ আখতার,MD. BABUL AKHTAR,মোঃ বাবুল আখতার,MD. BABUL AKHTAR,MRS. SABINA YESMIN,মিসেস সাবিনা ইয়াসমিন,2010-11-15,,Internal,"44 KHALEK R/A, VI FLOOR, DARUS SALAM",MIRPUR,DHAKA,1712254055,1712254055,CHOWGASA GANGNI,DO,MEHERPUR,FALSE,Male,,,2CG00004,2CF00004,2CM00004
,__export__.education_admission_register_2,Father,6886,5,C,MD. MISHKAT-E-NOOR EUSHA,মোঃ মিশকাত-ই-নূর ইউশা,SALEH AHMED,সালেহ আহমেদ,SALEH AHMED,DILRUBA JAHAN MILKY,দিলরুবা জাহান মিল্কি,2010-12-01,,Internal,"22/4, JOHURA BAD, DARUS SALAM",MIRPUR,DHAKA,1715332927,1715332927,ALONKER PUR JANGAL BAZER,BALIA KANDI,RAJBARI,FALSE,Male,,,2CG00005,2CF00005,2CM00005
,__export__.education_admission_register_2,Father,6791,6,C,RAYHAN HASAN,রায়হান হাসান,MD. LITON HAWLADAR,মোঃ লিটন হাওলাদার,MD. LITON HAWLADAR,ALEYA BEGUM,আলেয়া বেগম,2010-04-18,,Internal,"86/5, GOVT C TIPE QUERTER",MIRPUR,DHAKA,1717095294,1717095294,DO MIRPUR,DO,DHAKA,FALSE,Male,,,2CG00006,2CF00006,2CM00006
,__export__.education_admission_register_2,Father,6890,7,C,TAHSIN MAHMUD MAHIN,তাহসিন মাহমুদ মাহিন,MD. LIAKAT ALI MOLLA,মোঃ লিয়াকত আলী মোল্লা,MD. LIAKAT ALI MOLLA,JESMIN ZANMAN,জেসমিন জানমান,2010-11-14,,Internal,"18/4, PAIKPARA GOVT. COLONI",MIRPUR,DHAKA,1726795313,1726795313,MOTHER BARIA GUNAKOR KATI,ASHASUNI,SHATKHIRA,FALSE,Male,,,2CG00007,2CF00007,2CM00007
,__export__.education_admission_register_2,Father,6960,8,C,SANJIDAH,সানজিদাহ,MD. NURULLAH FOYSAL,মোঃ নুরুল্লাহ ফয়সাল,MD. NURULLAH FOYSAL,PIA KHATUN,পিয়া খাতুন,2010-12-31,,Internal,"86/6, PAIKPARA GOVT ''C''TIPE  COLONI",MIRPUR,DHAKA,1817675219,1817675219,MITHA NALA DO,MIRSORAI,CHITAGONG,FALSE,Male,,,2CG00008,2CF00008,2CM00008
,__export__.education_admission_register_2,Father,6784,9,C,SHADMAN KHAN DHRUBO,শাদমান খান ধ্রুব,MD. SHAHIDUL ISLAM KHAN,মোঃ শাহীদুল ইসলাম খান,MD. SHAHIDUL ISLAM KHAN,MARINA JAHAN MUNNI,মেরিনা জাহান মুন্নি,2010-06-24,,Internal,"B-11/3, DHAKA SHIKSHA BOARD STAFF QUERTER",MIRPUR,DHAKA,1712840835,1712840835,HAZRAT KALU SHAH ROAD ALEYKANDA,DO,BARISAL,FALSE,Male,,,2CG00009,2CF00009,2CM00009
,__export__.education_admission_register_2,Father,6773,10,C,MUHAMMAD ABDULLAH,মুহাম্মদ আবদুল্লাহ,MD. KHORSHEDUL ALAM,মোঃ খোরশেদুল আলম,MD. KHORSHEDUL ALAM,PERVIN BEGUM,পারভিন বেগম,2010-07-17,,Internal,"22/9-10, TOLER BAGH",MIRPUR,DHAKA,1712235271,1712235271,KHALISHA KHALI DO,PATUAKHALI,DO,FALSE,Male,,,2CG00010,2CF00010,2CM00010
,__export__.education_admission_register_2,Father,6798,11,C,NAFIU HASAN PURNO,নাফিউস হাসান পূর্ণ,MD. NAZMUL HASAN,মোঃ নাজমুল হাসান,MD. NAZMUL HASAN,NAFISA AKTER POLY,নাফিসা আকতার পলি,2010-12-06,,Internal,"45/6, WAK-UP COLONI",MIRPUR,DHAKA,1715948550,1715948550,GOBINDOLI DO,MADON,NETRAKONA,FALSE,Male,,,2CG00011,2CF00011,2CM00011
,__export__.education_admission_register_2,Father,6840,12,C,FARJANA ALAM SHARNA,ফারজানা আলম স্বর্ণা,MD. KHORSHED ALAM,মোঃ খোরশেদ আলম,MD. KHORSHED ALAM,AKLIMA BEGUM,আকলিমা বেগম,2010-09-03,,Internal,"290/2, AHMED NAGAR",MIRPUR, KUSTIA,1714377497,1714377497,DUAIR MANAIR HUT,BHANGA,FARID PUR,FALSE,Male,,,2CG00012,2CF00012,2CM00012
,__export__.education_admission_register_2,Father,6848,13,C,MUHSINA TAHSIN FARIHA,মুহসিনা তাহসিন ফারিহা,ANISUR RAHMAN,আনিসুর রাহমান,ANISUR RAHMAN,JUBAY ARA JAMAN,জুবায় আরা জামান,2010-06-06,,Internal,"A-36/5, PAIKPARA GOVT STAFF QUERTER",MIRPUR,DHAKA,1714378297,1714378297,KANDRA PUTIA,DO,RAJSHAHI,FALSE,Male,,,2CG00013,2CF00013,2CM00013
,__export__.education_admission_register_2,Father,6782,14,C,AFRA YEASMIN RAISA,আফরাহ ইয়াসমিন রাইসা,MOHAMMAD AZIM AHMED,মোহাম্মদ আজিম আহমেদ,MOHAMMAD AZIM AHMED,MST. UMME KULSUM,মোসাঃ উম্মে কুলসুম,2010-04-10,,Internal,"149, SOUTH BISHIL ROAD NO-8",MIRPUR,DHAKA,1734496418,1734496418,GOPALDI GENDU MOLLAR HUT,SADAR,FARID PUR,FALSE,Male,,,2CG00014,2CF00014,2CM00014
,__export__.education_admission_register_2,Father,6790,15,C,TASFIAN ISHMAN NABIL,তাসফিয়া ইসমান নাবিল,MD. SHAKIL AHMED KIRON,মোঃ শাকিল আহমেদ কিরণ,MD. SHAKIL AHMED KIRON,SUFIA AKTER,সুফিয়া আকতার,2010-03-06,,Internal,"346, AHMED NAGAR, PAIKPARA",MIRPUR,DHAKA,1921237340,1921237340,CHARPARA MATHURA PARA,SARIA KANDI,BOGURA,FALSE,Male,,,2CG00015,2CF00015,2CM00015
,__export__.education_admission_register_2,Father,6795,16,C,ANIK SHINGHA DIPTO,অনিক শিংহ দিপ্ত,MANIK SHINGHA,মানিক শিংহ,MANIK SHINGHA,ANJONA SHOM,অঞ্জনা শোম,2010-12-18,,Internal,"HOUSE-30, ROAD-9 BLOCK-D",MIRPUR,DHAKA,1726402675,1726402675,DO MIRPUR,SHAH ALI,DHAKA,FALSE,Male,,,2CG00016,2CF00016,2CM00016
,__export__.education_admission_register_2,Father,6775,17,C,RADIYAT TASNEEM,রাদিয়াত তাসনিম,MD. RASHEDUL HASAN,মোঃ রাশেদুল হাসান,MD. RASHEDUL HASAN,SHARMIN FARZANA,শারমিন ফারজানা,2010-09-18,,Internal,"6/12/3, GODA KHALI, SOUTH BISHIL",MIRPUR,DHAKA,1776196563,1776196563,BAROW GOAN ATPARA,SREENAGAR,MUNSHIGONJ,FALSE,Male,,,2CG00017,2CF00017,2CM00017
,__export__.education_admission_register_2,Father,6797,18,C,EFAZ MAHMUD,এফাজ মাহমুদ,NASIM CHOWDHURY,নাসিম চৌধুরী,NASIM CHOWDHURY,ISMAT ARA,ইসমাত আরা,2010-09-15,,Internal,"8/B/23, NILACHOL R/A",MIRPUR,DHAKA,1711025953,1711025953,ARAMGONJ TEGASIA,KOLAPARA,PUTOAKHALI,FALSE,Male,,,2CG00018,2CF00018,2CM00018
,__export__.education_admission_register_2,Father,6859,19,C,JANNATUL FERDAUS ARIN,জান্নাতুল ফেরদৌস এরিন,MD. JALAL UDDIN,মোঃ জালাল উদ্দিন,MD. JALAL UDDIN,MOST. SHARMIN ARA KHANUM,মোসাঃ শারমিন আরা খানম,2009-12-11,,Internal,"52/6/A, AHMED NAGAR PAIKPARA",MIRPUR,DHAKA,1714299071,1714299071,NORTH BADAL COAT MUNSHI B BADOL COAT BAZER,CHATKHIL,NOAKHALI,FALSE,Male,,,2CG00019,2CF00019,2CM00019
,__export__.education_admission_register_2,Father,6830,20,C,MOST. TISA MONI,মোসাঃ তিসা মনি,MD. TARA MIA,মোঃ তারা মিয়া,MD. TARA MIA,MOST. RIKTA BEGUM,মোসঃ রিক্তা বেগম,2010-11-21,,Internal,36 WEST MONIPUR,MIRPUR,DHAKA,1700000000,1700000000,BABUKHALI DO,MOHAMMAD PUR,MAGURA,FALSE,Male,,,2CG00020,2CF00020,2CM00020
,__export__.education_admission_register_2,Father,6857,21,C,MAHJABIN AHMED KIRON,মেহজাবীন আহমেদ কিরণ,MD. SALIM AHMED,মোঃ সেলিম আহমেদ,MD. SALIM AHMED,MST. TASLIMA MONI,মোসাঃ তাসলিমা মনি,2010-05-15,,Internal,"HOUSE NO-10, ROAD NO-10, KALLAN PUR",MIRPUR,DHAKA,1718257272,1718257272,EADERKANDI DASHER KANDI,KHILGOAN,DHAKA,FALSE,Male,,,2CG00021,2CF00021,2CM00021
,__export__.education_admission_register_2,Father,6776,22,C,AYUSH DAS,আয়উশ দাস,JOYDEB CHANDRA DAS,জয়দেব চন্দ্র দাস,JOYDEB CHANDRA DAS,MONOSREE DAS,মনোসরি দাস,2010-09-16,,Internal,"20/14/A, TOLER BAG",MIRPUR,DHAKA,1710885098,1710885098,DO MIRPUR,DARUS SALAM,DHAKA,FALSE,Male,,,2CG00022,2CF00022,2CM00022
,__export__.education_admission_register_2,Father,6967,23,C,NUSRAT JAHAN NISHI,নুসরত জাহান নিশি,MD. SHEMUL ISLAM,মোঃ শেমিয়ুল ইসলাম,MD. SHEMUL ISLAM,MST. JAKIA SULTANA,মোসাঃ জাকিয়া সুলতানা,2010-11-08,,Internal,"148/9/2, SHAH ALI GARDEN",MIRPUR,DHAKA,1715765678,1715765678,HASIM MIAJIR BARI WORD-4 KEROWA U P,LUXMIPUR,DO,FALSE,Male,,,2CG00023,2CF00023,2CM00023
,__export__.education_admission_register_2,Father,6774,24,C,WASIK AYAN,ওয়াসিক অয়ন,MD. MOAZZAM HOSSAIN,মোঃ মোয়াজ্জেম হোসেন,MD. MOAZZAM HOSSAIN,LAILA AKTER,লায়লা আকতার,2010-07-29,,Internal,"HOUSE NO-3/3, ROAD NO-11, SOUTH BISHIL",MIRPUR,DHAKA,1716088703,1716088703,"HOUSE NO-22, ROAD-1, K.P DO",RONGPUR,DO,FALSE,Male,,,2CG00024,2CF00024,2CM00024
,__export__.education_admission_register_2,Father,6772,25,C,JANNATUL FERDOUS SHASHI,জান্নাতুল ফেরদৌস শশি,MD. SHAFIQUL ALAM,মোঃ শফিকুল আলম,MD. SHAFIQUL ALAM,SAMIA SULTANA,সামিয়া সুলতানা,2010-12-28,,Internal,"HOUSE NO-79, ROAD NO-06, SOUTH BISIL",MIRPUR,DHAKA,1713248480,1713248480,AYNATOLI DO,SHAHRASTI,CHAND PUR,FALSE,Male,,,2CG00025,2CF00025,2CM00025
,__export__.education_admission_register_2,Father,6838,26,C,TASHFIAT ZINNAT,তাসফিয়াত জিন্নাত,SHAHADAT HOSSAIN,শাহাদাত হোসেন,SHAHADAT HOSSAIN,FATIMA TUZ ZOHORA,ফাতিমা তুজ জোহোরা,2010-11-02,,Internal,"17/3/KHA, TOLER BAG",MIRPUR,DHAKA,1772130989,1772130989,DARSONA DARSONA BAZER,DASHER,MADARIPUR,FALSE,Male,,,2CG00026,2CF00026,2CM00026
,__export__.education_admission_register_2,Father,6812,27,C,ZABALIYA ISLAM,জাবালিয়া ইসলাম,ZAHIDUL ISLAM,জাহিদুল ইসলাম,ZAHIDUL ISLAM,NOWROSE KAYNATH,নওরোজ কেনাথ,2010-03-25,,Internal,"90/C, PAIKPARA C TIPE GOVT. QUERTER",MIRPUR,DHAKA,1711943727,1711943727,CAMTIA GOWRIPUR,LALPUR,NATOR,FALSE,Male,,,2CG00027,2CF00027,2CM00027
,__export__.education_admission_register_2,Father,6780,28,C,DIPAWN DAS DIPOL,দীপন দাস ডীপল,JAGODISH KUMAR DAS,জগদীশ কুমার দাস,JAGODISH KUMAR DAS,PROTIMA DAS,প্রতিমা দাস,2010-02-28,,Internal,"149/2, SOUTH BISHIL",MIRPUR,DHAKA,1700000000,1700000000,NAGUYA CHANDOPUR,TARAKANDA,MYMONSINGHA,FALSE,Male,,,2CG00028,2CF00028,2CM00028
,__export__.education_admission_register_2,Father,6788,29,C,MD. OMAR FARUK,মোঃ ওমর ফারুক,SHAFIQUL ISLAM,শফিকুল ইসলাম,SHAFIQUL ISLAM,ARIFA AKTER,আরিফা আকতার,2010-06-30,,Internal,"HOUSE NO-6/B, KHA NORTH BISHIL",MIRPUR,DHAKA,1967351911,1967351911,DO B.D. SARIF,SHAH ALI,DHAKA,FALSE,Male,,,2CG00029,2CF00029,2CM00029
,__export__.education_admission_register_2,Father,6862,30,C,ABRAR ISLAM HAMIM,আবরার ইসলাম হামিম,MD. RAFIQUL ISLAM,মোঃ রফিকুল ইসলাম,MD. RAFIQUL ISLAM,SAMSUN NAHAR,শামসুন নাহার,2010-09-20,,Internal,"ROAD NO-10, HOUSE NO-52, SOUTH BISHIL",MIRPUR,DHAKA,1719112837,1719112837,KARNO KATI DO,SADAR,BARISAL,FALSE,Male,,,2CG00030,2CF00030,2CM00030
,__export__.education_admission_register_2,Father,6854,31,C,NAFIZA HOQUE YEASHA,নাফিজা হক আয়শা,MD. MOZAMMEL HOQUE,মোঃ মোজাম্মেল হক,MD. MOZAMMEL HOQUE,DOLY AKTER,ডলি আকতার,2009-09-14,,Internal,"1/4, E/1, TOLER BAG BATEN NAGAR, MAZER ROAD",MIRPUR,DHAKA,1712017475,1712017475,TULA CHARA GOPALPUR,BEGUM GONJ,NOAKHALI,FALSE,Male,,,2CG00031,2CF00031,2CM00031
,__export__.education_admission_register_2,Father,6846,32,C,AHADUZZAMAN CHOWDURY,আহাদুজামান চৌধুরী,MONIRUZZAMAN CHOWDWRY,মনিরুজ্জামান চৌধুরী,MONIRUZZAMAN CHOWDWRY,MOST. LUTFUNNAHAR,মোসাঃ লুঃফুন্নাহার,2010-09-14,,Internal,"7/4/1, MIDDLE PAIKPARA, ANSWER CAMP",MIRPUR,DHAKA,1552337322,1552337322,JATHUAMURA BISNAURI,KASBA,B.BARIA,FALSE,Male,,,2CG00032,2CF00032,2CM00032
,__export__.education_admission_register_2,Father,6783,33,C,MEHERAJ HOSSAIN EMON,মেহেরাজ হোসেন ইমন,MD. MAHFUZ,মোঃ মাহফুজ,MD. MAHFUZ,MONI AKTER,মনি আকতার,2010-09-25,,Internal,"81/5, MIDDLE PAIKPARA",MIRPUR,DHAKA,1755517063,1755517063,JAMD DIP BANARIPARA,DO,BARISAL,FALSE,Male,,,2CG00033,2CF00033,2CM00033
,__export__.education_admission_register_2,Father,6767,34,C,REJOAN KHAN RIJVI,রেজোয়ান খান রিজভী,AMKAN ALI KHAN,আমকান আলী খান,AMKAN ALI KHAN,RINA AKTER,রিনা আকতার ,2010-09-15,,Internal,"20/3, TOLER BAG",MIRPUR,DHAKA,1718583761,1718583761,CHAR HOGLA DO,KOTOALI,BARISAL,FALSE,Male,,,2CG00034,2CF00034,2CM00034
,__export__.education_admission_register_2,Father,7001,35,C,MARIUM ISLAM,মারিয়ম ইসলাম,MD. SERAJUL ISLAM,মোঃ সিরাজুল ইসলাম,MD. SERAJUL ISLAM,AKLIMA BEGUM,আকলিমা বেগম,2010-07-26,,Internal,"HOUSE NO-81, ROAD NO-6, SOUTH BISHIL",MIRPUR,DHAKA,1777805346,1777805346,AGTRAIL DO,NAGOR PUR,TAINGAIL,FALSE,Male,,,2CG00035,2CF00035,2CM00035
,__export__.education_admission_register_2,Father,6809,36,C,MD. JUNAID,মোঃ জুনায়েদ,MD. JAHANGIR ALAM,মোঃ জাহাঙ্গীর আলম,MD. JAHANGIR ALAM,JAHANARA AKTER,জাহানারা আক্তার,2010-03-04,,Internal,"212/1, IST COLONI, BLOCK-D, GABTOLI",MIRPUR,DHAKA,1913825539,1913825539,DO B.D. SARIF,DARUS SALAM,DHAKA,FALSE,Male,,,2CG00036,2CF00036,2CM00036
,__export__.education_admission_register_2,Father,6800,37,C,MD. MAHIM KHAN,মোঃ মাহিম খান,MD. MAHBUB KHAN,মোঃ মাহাবুব খান,MD. MAHBUB KHAN,KAMRUN NAHER,কামরুন নাহার,2010-12-13,,Internal,"117, ROAD NO-10, SOUTH BISHIL",MIRPUR,DHAKA,1683462062,1683462062,SEERGRAM DO,ALFADHANGA,FARID PUR,FALSE,Male,,,2CG00037,2CF00037,2CM00037
,__export__.education_admission_register_2,Father,6951,38,C,FAHMIDA AKTER,ফাহমিদা আকতার,MD. BILLAL HOSSAIN,মোঃ বিল্লাল হোসেন,MD. BILLAL HOSSAIN,FARIDA BEGUM,ফরিদা বেগম,2009-10-08,,Internal,"72/20,A/C, 3RD COLONI, LALKUTI",MIRPUR,DHAKA,1732292661,1732292661,PUBER GOAN ATLA PUR,RUPGONJ,NARAONGONJ,FALSE,Male,,,2CG00038,2CF00038,2CM00038
,__export__.education_admission_register_2,Father,6843,39,C,RAJKIN KHONDOKAR RAJIN,রাজকিন খন্দকার রাজিন,MD. ARIFUL HAQUE KHONDOKAR,মোঃ আরিফুল হক খন্দকার,MD. ARIFUL HAQUE KHONDOKAR,ROKSANA YASMIN,রোকসানা ইয়াসমিন,2009-09-07,,Internal,MIDDLE PAIKPARA,MIRPUR,DHAKA,1716188045,1716188045,SOUTH PANA PUKUR GANGA CHARA,DO,RONGPUR,FALSE,Male,,,2CG00039,2CF00039,2CM00039
,__export__.education_admission_register_2,Father,6963,40,C,PARTHA SAHA,পার্থ সাহা,PORITOSH SAHA,পরিতোস সাহা,PORITOSH SAHA,RUMA RANI SAHA,রুমা রানী সাহা,2010-04-11,,Internal,"219/1, 2ND COLONI MAZER ROAD DOLSE VITA",MIRPUR,DHAKA,1730089912,1730089912,CHAR BONGSHI CHAR INDORIA,ROYPUR,LUXMIPUR,FALSE,Male,,,2CG00040,2CF00040,2CM00040
,__export__.education_admission_register_2,Father,7572,41,C,SHAIRA KARIM,শায়রা করিম,MOHAMMAD FAJLUL KARIM,মোহাম্মদ ফজলুল করিম,MOHAMMAD FAJLUL KARIM,SHAHINOOR AKTER,শাহিনুর আকতার,2010-12-20,,Internal,"322/4, 1ST COLONI, LALKUTI",MIRPUR,DHAKA,1795199474,1795199474,ALTA ROYER HUT,BANARIPARA,BARISAL,FALSE,Male,,,2CG00041,2CF00041,2CM00041
,__export__.education_admission_register_2,Father,7573,42,C,MAHFUZ PRODHAN,মাহফুজ প্রধান,MOHAMMAD MOSTAFA MIAH,মোহাম্মদ মোস্তফা মিয়া,MOHAMMAD MOSTAFA MIAH,MAHFUZA YASMIN,মাহফুজা ইয়াসমিন,2011-02-10,,Internal,"3/A, SOUTH BISIL, ROAD NO-11",MIRPUR,DHAKA,1759543964,1759543964,CHAR MAHON PUR LAHIRI MAHON PUR,ULLAH PARA,SIRAJGONJ,FALSE,Male,,,2CG00042,2CF00042,2CM00042
