id,active,admission_class/id,type,application_no,class_history_ids/id,application_id/id,barcode,blood_group,ref_company_ids/id,company_id/id,company_name,company_type,child_ids/id,commercial_partner_country_id/id,per_country_id/id,country_id/id,father_name/id,gender,guardian_name/id,invoice_warn,is_company,customer,is_parent,is_student,supplier,is_same_address,middle_name,mobile,mother_name/id,mother_tongue/id,nationality/id,name,partner_id/id
__export__.education_student_1_c679b9a4,TRUE,__export__.education_class_1_d80810c2,contact,,__export__.education_class_history_1_0fef1770,__export__.education_application_1_eb20cb68,,A+,,base.main_company,,person,,base.bd,base.bd,base.bd,__export__.res_partner_7_144a041c,Male,__export__.res_partner_7_144a041c,no-message,FALSE,TRUE,FALSE,TRUE,FALSE,TRUE,,17777777,__export__.res_partner_8_e3c79275,__export__.education_mother_tongue_1_57d5b5b6,base.bd,Ashfia,__export__.res_partner_10_a9ed5a23
__export__.education_student_2_a6162a63,TRUE,__export__.education_class_1_d80810c2,contact,,,__export__.education_application_2_009835b2,,A+,,base.main_company,,person,,base.bd,base.bd,base.bd,__export__.res_partner_7_144a041c,Female,__export__.res_partner_7_144a041c,no-message,FALSE,TRUE,FALSE,TRUE,FALSE,TRUE,,1726880011,__export__.res_partner_8_e3c79275,__export__.education_mother_tongue_1_57d5b5b6,base.bd,Safa,__export__.res_partner_11_a3dd4a05
__export__.education_student_3_a1e89c1d,TRUE,__export__.education_class_2_be05bbde,contact,,,__export__.education_application_3_1b00b559,,A+,,base.main_company,,person,,base.bd,base.bd,base.bd,__export__.res_partner_25_229ba92f,Male,__export__.res_partner_14_4220eb59,no-message,FALSE,TRUE,FALSE,TRUE,FALSE,TRUE,,1841166500,__export__.res_partner_26_7d291832,__export__.education_mother_tongue_1_57d5b5b6,base.bd,Sarif ,__export__.res_partner_15_ba65f1d3
__export__.education_student_4_4d911166,TRUE,__export__.education_class_3_4f1c3c52,contact,,,__export__.education_application_4_b57a41f9,,A+,,base.main_company,,person,,base.bd,base.bd,base.bd,__export__.res_partner_24_e92f1c89,Male,__export__.res_partner_18_18562286,no-message,FALSE,TRUE,FALSE,TRUE,FALSE,TRUE,,1788888888,__export__.res_partner_18_18562286,__export__.education_mother_tongue_1_57d5b5b6,base.bd,Suvo,__export__.res_partner_19_ef24bf9a
__export__.education_student_5_a1e75eac,TRUE,__export__.education_class_4_dcef06f0,contact,,,__export__.education_application_5_d8ddbe3c,,A+,,base.main_company,,person,,base.bd,base.bd,base.bd,__export__.res_partner_20_88db1e0e,Male,__export__.res_partner_22_d6483290,no-message,FALSE,TRUE,FALSE,TRUE,FALSE,TRUE,,9887665,__export__.res_partner_21_fe65713e,__export__.education_mother_tongue_1_57d5b5b6,base.bd,Sumon,__export__.res_partner_23_5b10242b
__export__.education_student_6_fee6ce4d,TRUE,__export__.education_class_5_f50a8884,contact,,,__export__.education_application_6_3b5990ec,,A+,,base.main_company,,person,,base.bd,base.bd,base.bd,__export__.res_partner_27_0f6265d5,Male,__export__.res_partner_21_fe65713e,no-message,FALSE,TRUE,FALSE,TRUE,FALSE,TRUE,,1722222111,__export__.res_partner_21_fe65713e,__export__.education_mother_tongue_1_57d5b5b6,base.bd,Masud,__export__.res_partner_28_722c0d3a
__export__.education_student_9_8b24ac24,TRUE,__export__.education_class_5_f50a8884,contact,,,__export__.education_application_8_830959b7,,A+,,base.main_company,,person,,base.bd,base.bd,base.bd,__export__.res_partner_31_16c0bc66,Male,__export__.res_partner_31_16c0bc66,no-message,FALSE,TRUE,FALSE,TRUE,FALSE,TRUE,SAHA,98654322,__export__.res_partner_32_b20e7cbb,__export__.education_mother_tongue_1_57d5b5b6,base.bd,TRISHA,__export__.res_partner_35_0a5dd76e
__export__.education_student_10_8f8f3106,TRUE,__export__.education_class_18_3461d796,contact,,,__export__.education_application_7_08621af3,,A+,,base.main_company,,person,,base.bd,base.bd,base.bd,__export__.res_partner_29_75e731ec,Female,__export__.res_partner_29_75e731ec,no-message,FALSE,TRUE,FALSE,TRUE,FALSE,TRUE,,189891891,__export__.res_partner_30_20f51f27,__export__.education_mother_tongue_1_57d5b5b6,base.bd,TANJILA,__export__.res_partner_36_253665d0
