"id","academic_year_id/id","active","admission_date","blood_group","caste_id/id","per_city","city","class_id/id","company_id/id","country_id/id","per_country_id/id","create_uid/id","date_of_birth","email","father_name/id","gender","guardian_name/id","medium/id","middle_name","mobile","mother_name/id","mother_tongue/id","name","nationality/id","is_same_address","phone","religion_id/id","guardian_relation/id","sec_lang/id","state","per_state_id/id","state_id/id","per_street","street","street2","per_street2","verified_by/id","per_zip","zip"
"__export__.education_application_8_830959b7","__export__.education_academic_year_2_a64064e8","True","2018-08-21 22:32:56","A+","","","","","base.main_company","base.bd","base.bd","base.user_root","2018-08-15","","__export__.res_partner_31_16c0bc66","Male","__export__.res_partner_31_16c0bc66","__export__.education_medium_1_91257b5d","SAHA","098654322","__export__.res_partner_32_b20e7cbb","__export__.education_mother_tongue_1_57d5b5b6","TRISHA","base.bd","True","","","__export__.eschool_student_guardian_relation_1_384b6a5a","__export__.education_subject_1_a435da97","Done","","","","160/4, AHAMED NAGAR PAIKPARA","","","base.user_root","",""
"__export__.education_application_7_08621af3","__export__.education_academic_year_2_a64064e8","True","2018-08-21 22:28:01","A+","","","","","base.main_company","base.bd","base.bd","base.user_root","2018-02-06","","__export__.res_partner_29_75e731ec","Female","__export__.res_partner_29_75e731ec","__export__.education_medium_1_91257b5d","","0189891891","__export__.res_partner_30_20f51f27","__export__.education_mother_tongue_1_57d5b5b6","TANJILA","base.bd","True","","__export__.religion_religion_2_37e8789e","__export__.eschool_student_guardian_relation_1_384b6a5a","__export__.education_subject_1_a435da97","Done","","","","1/3, SOUTH BISHIL","","","base.user_root","",""
"__export__.education_application_6_3b5990ec","__export__.education_academic_year_2_a64064e8","True","2018-08-21 22:00:46","A+","","","","","base.main_company","base.bd","base.bd","base.user_root","2002-12-30","","__export__.res_partner_27_0f6265d5","Male","__export__.res_partner_21_fe65713e","__export__.education_medium_1_91257b5d","","01722222111","__export__.res_partner_21_fe65713e","__export__.education_mother_tongue_1_57d5b5b6","Masud","base.bd","True","","","__export__.eschool_student_guardian_relation_2_3b272ee7","__export__.education_subject_1_a435da97","Done","","","","Sherajabad","","","base.user_root","",""
"__export__.education_application_5_d8ddbe3c","__export__.education_academic_year_2_a64064e8","True","2018-08-21 21:28:02","A+","","","","","base.main_company","base.bd","base.bd","base.user_root","2014-02-04","","__export__.res_partner_20_88db1e0e","Male","__export__.res_partner_22_d6483290","__export__.education_medium_1_91257b5d","","09887665","__export__.res_partner_21_fe65713e","__export__.education_mother_tongue_1_57d5b5b6","Sumon","base.bd","True","","","__export__.eschool_student_guardian_relation_1_384b6a5a","__export__.education_subject_1_a435da97","Done","","","","serajabad","","","base.user_root","",""
"__export__.education_application_4_b57a41f9","__export__.education_academic_year_2_a64064e8","True","2018-08-21 20:39:58","A+","","","","","base.main_company","base.bd","base.bd","base.user_root","2014-01-28","","__export__.res_partner_16_e2d302fb","Male","__export__.res_partner_18_18562286","__export__.education_medium_1_91257b5d","","01788888888","__export__.res_partner_17_2d7cdc91","__export__.education_mother_tongue_1_57d5b5b6","Suvo","base.bd","True","","","__export__.eschool_student_guardian_relation_1_384b6a5a","__export__.education_subject_1_a435da97","Done","","","","Pura","Baghia","","base.user_root","",""
"__export__.education_application_3_1b00b559","__export__.education_academic_year_2_a64064e8","True","2018-08-21 20:16:27","A+","","","","","base.main_company","base.bd","base.bd","base.user_root","2014-02-04","","__export__.res_partner_12_19cfae87","Male","__export__.res_partner_14_4220eb59","__export__.education_medium_1_91257b5d","","01841166500","__export__.res_partner_13_7e565bba","__export__.education_mother_tongue_1_57d5b5b6","Sarif ","base.bd","True","","","__export__.eschool_student_guardian_relation_1_384b6a5a","__export__.education_subject_1_a435da97","Done","","","","345 Tipu sultan road","","","base.user_root","",""
"__export__.education_application_2_009835b2","__export__.education_academic_year_2_a64064e8","True","2018-08-21 19:20:22","A+","","","dhaka","","base.main_company","base.bd","base.bd","base.user_root","2020-08-19","","__export__.res_partner_7_144a041c","Female","__export__.res_partner_7_144a041c","__export__.education_medium_1_91257b5d","","01726880011","__export__.res_partner_8_e3c79275","__export__.education_mother_tongue_1_57d5b5b6","safa","base.bd","True","","","__export__.eschool_student_guardian_relation_1_384b6a5a","__export__.education_subject_1_a435da97","Done","","__export__.res_country_state_680_a6bb4594","","232 tipu sultan road","wari","","base.user_root","",""
"__export__.education_application_1_eb20cb68","__export__.education_academic_year_2_a64064e8","True","2018-08-21 17:59:44","A+","","","","","base.main_company","base.bd","base.bd","base.user_root","2018-07-29","","__export__.res_partner_7_144a041c","Male","__export__.res_partner_7_144a041c","__export__.education_medium_1_91257b5d","","017777777","__export__.res_partner_8_e3c79275","__export__.education_mother_tongue_1_57d5b5b6","Ashfia","base.bd","True","","","__export__.eschool_student_guardian_relation_1_384b6a5a","__export__.education_subject_1_a435da97","Done","","","","Mirpur","","","base.user_root","",""
