id,register_id/id,guardian_relation,student_id,roll_no,section,name,name_b,father_name,father_name_b,guardian_name,mother_name,mother_name_b,date_of_birth,student_category,street,street2,city,father_mobile,mobile,per_street,per_street2,per_city,is_same_address,gender,religion_id/id,class_id,guardian_NID,father_NID,mother_NID
,__export__.education_admission_register_3,Father,6354,1,C,MUNTASIM SALIM ALVEE,মুনতাসিম সেলিম আলভী,MD. SALIM AKON,মোঃ সালিম আকন,MD. SALIM AKON,MST. NIGAR SULTANA,মোসাঃ নিগার সুলতানা,2009-03-16,External,"9/8, TOLARBAG",MIRPUR,DHAKA,1711160966,1711160966,DO DO,DO,DHAKA,FALSE,Male,,,3CG00001,3CF00001,3CM00001
,__export__.education_admission_register_3,Father,6328,2,C,B.M. FARHAN ISLAM,বি.এম. ফারহান ইসলাম,MD. RAFIQUL ISLAM,মোঃ রফিকুল ইসলাম,MD. RAFIQUL ISLAM,MAHBUBA RAHMAN NIPA,মাহবুবা রহমান নিপা,2009-07-08,External,"312/7/6, 1ST COLONI, MAZER ROAD",MIRPUR,DHAKA,1712034586,1712034586,DO MIRPUR,DO,DHAKA,FALSE,Male,,,3CG00002,3CF00002,3CM00002
,__export__.education_admission_register_3,Father,6384,3,C,MD. IRFANUL HOQUE PATUARY,মোঃ ইরফানুল হক পাটোয়ারী,MD. SERAJUL HOQUE PATUARY,মোঃ সিরাজুল হক পাটোয়ারি,MD. SERAJUL HOQUE PATUARY,SHAMIMA SULTANA,শামীমা সুলতানা,2009-07-31,External,"162/2/3/4, AL NOOR TOWAR",MIRPUR,DHAKA,1673870392,1673870392,SOTO HAMIRDI HAMIRDI,BHANGA,FARID PUR,FALSE,Male,,,3CG00003,3CF00003,3CM00003
,__export__.education_admission_register_3,Father,6314,4,C,MD. OHIDUL ISLAM,মোঃ ওহীদুল ইসলাম,MOHAMMAD SHAFIQUL ISLAM,মোহাম্মদ শফিকুল ইসলাম,MOHAMMAD SHAFIQUL ISLAM,ARGINA AKTER,আর্জিনা আকতার,2009-05-19,External,"1/6, B.A.D.C. STAFF QUERTER",MIRPUR,DHAKA,1913209579,1913209579,BALURCHOR ALEKZENDAR,RAMGOTI,LUXMIPUR,FALSE,Male,,,3CG00004,3CF00004,3CM00004
,__export__.education_admission_register_3,Father,6283,5,C,JANNATUL MAWA,জন্নাতুল মাওয়া,HUMAYUN KABIR,হুমায়ুন কবির,HUMAYUN KABIR,NILUFA AKTHER,নিলুফা আকতার,2009-05-10,External,"51/6, WALKUP, COLONY",MIRPUR,DHAKA,1821871882,1821871882,DO DO,DO,DHAKA,FALSE,Male,,,3CG00005,3CF00005,3CM00005
,__export__.education_admission_register_3,Father,6285,6,C,SUMAIYA AKTER,সুমাইয়া আক্তার,MD. ABU HANIF BHUIYAN,মোঃ আবু হানিফ ভুইয়া,MD. ABU HANIF BHUIYAN,HASINA AKTER,হাসিনা আকতার,2008-12-08,External,"332/B, AKOTA ROAD AHMED NAGOR",MIRPUR,DHAKA,1711343244,1711343244,SORUPKHATI DO,NESARBAD,PIROJPUR,FALSE,Male,,,3CG00006,3CF00006,3CM00006
,__export__.education_admission_register_3,Father,6326,7,C,LABIB ABDULLAH,লবিব আবদুল্লাহ,KAMRUL ISLAM,কামরুল ইসলাম,KAMRUL ISLAM,NURUN NAHAR LIPI,নূরুন নাহার লিপি,2010-04-16,External,"B-11/9, DHAKA SHIKSHA BOARD STAFF QUERTER",MIRPUR,DHAKA,1914157646,1914157646,KALIDASHER BAG MUSLIMABAD,SADAR,LAXMIPUR,FALSE,Male,,,3CG00007,3CF00007,3CM00007
,__export__.education_admission_register_3,Father,6380,8,C,JANNATUL ALAM TRISHA,জন্নাতুল আলম ত্রিশা,MD. JAHANGIR ALAM,মোঃ জাহাঙ্গীর আলম,MD. JAHANGIR ALAM,SHULY AKTER,শিউলি আকতার,2009-05-10,External,"102/3, PAIKPARA GOV. STAFF QUARTER",MIRPUR,DHAKA,,,"47/1, SOTISCHANDRA LAN",THANA PARA,KUSTIA,FALSE,Male,,,3CG00008,3CF00008,3CM00008
,__export__.education_admission_register_3,Father,6289,9,C,MD. IMAM HOSSAIN SALMAN,মোঃ ইমাম হোসেন সালমান,A. B. M. PONIR MOLLAH,এ বি এম এম পনির মোল্লাহ,A. B. M. PONIR MOLLAH,NASRIN  JAHAN,নাসরিন জাহান,2009-11-16,External,"17/1E, TOLARBAG",MIRPUR,DHAKA,1732042891,1732042891,ARIARCHOR TITUDOHO,CHUADANGA,DO,FALSE,Male,,,3CG00009,3CF00009,3CM00009
,__export__.education_admission_register_3,Father,6350,10,C,MD. POUSHAL CHOUDHURY,মোঃ পৌশাল চৌধুরী,MD. MAMAUN CHOUDHURY,মোঃ মামুন চৌধুরী,MD. MAMAUN CHOUDHURY,NAZMA PERVEN,নাজমা পারভিন,2010-01-01,External,"358, SANTO BAN SOUTH PAIKPARA",MIRPUR,DHAKA,1712533150,1712533150,GOYHATA DO,NAGARPUR,TANGIL,FALSE,Male,,,3CG00010,3CF00010,3CM00010
,__export__.education_admission_register_3,Father,6312,11,C,ABDUL ALIM NISHAT,আবদুল আলিম নিশাত,MD. JAMAL UDDIN,মোঃ জামাল উদ্দিন,MD. JAMAL UDDIN,MOST. AKLIMA AKTER BETHI,মোসাঃ আকলিমা আক্তার বিথী,2009-11-26,External,"331/1A, AHMED NAGOR",MIRPUR,DHAKA,1736414329,1736414329,RADANAGAR GUNI BAZER,BAGAR PARA,JESSHOR,FALSE,Male,,,3CG00011,3CF00011,3CM00011
,__export__.education_admission_register_3,Father,6362,12,C,MOST. SUMAIYA AKTER JANIA,মোসাঃ সুমাইয়া আক্তার জেনিয়া,MD. JAHANGIR ALAM,মোঃ জাহাঙ্গীর আলম,MD. JAHANGIR ALAM,MOS. RAHIMA BEGUM,মোসাঃ রহিমা বেগম,2009-01-07,External,"281/4, PAIKPARA",MIRPUR,DHAKA,1811412187,1811412187,GHONA DO,SATKHIRA,DO,FALSE,Male,,,3CG00012,3CF00012,3CM00012
,__export__.education_admission_register_3,Father,6367,13,C,MD. TANJEEM HASSAN,মোঃ তানজিম হাসান,MD. AWLAD HOSSAIN,মোঃ আওলাদ হোসেন,MD. AWLAD HOSSAIN,SHAHANA PARVEEN,শাহানা পারভীন,2009-10-22,External,"350/1-G, AHMED NAGOR",MIRPUR,DHAKA,1911478810,1911478810,DO DO,DO,FENI,FALSE,Male,,,3CG00013,3CF00013,3CM00013
,__export__.education_admission_register_3,Father,6310,14,C,ASHRAF AHMAD RAMEEM,আশরাফ আহমেদ রামিম,MD. ARFAT UDDIN,মোঃ আরাফাত উদ্দিন,MD. ARFAT UDDIN,RAWSHAN ARA BEGUM,রওশন আরা বেগম,2009-10-28,External,"2/10, R, TOLAR BANGH",MIRPUR,DHAKA,1711575824,1711575824,EAST BATABARIA IQBAL NAGOR,MONOHORGONJ,COMILLA,FALSE,Male,,,3CG00014,3CF00014,3CM00014
,__export__.education_admission_register_3,Father,6323,15,C,MD. SAHARIAR TAIF,মোঃ সাহরিয়র তাইফ,MD. MASUM BILLAH,মোঃ মাসুম বিল্লাহ,MD. MASUM BILLAH,HAFIZA KHANOM,হাফিজা খানম,2009-10-06,External,"39, SHAH ALI BAGH",MIRPUR,DHAKA,1914189143,1914189143,712 NEWTOWN,BILPAR,NETROKONA,FALSE,Male,,,3CG00015,3CF00015,3CM00015
,__export__.education_admission_register_3,Father,6356,16,C,MALEHA TASNIM TONU,মালিহা তাসনিম তনু,MD. MINNAT ULLAH,মোঃ মিন্নাত উল্লাহ,MD. MINNAT ULLAH,RAZIA SULTANA,রাজিয়া সুলতানা,2009-06-18,External,"3/A, R-11, SOUTH BISHIL",MIRPUR,DHAKA,1849753441,1849753441,GOSH GOR KHALILPUR,DEBIDDAR,COMILLA,FALSE,Male,,,3CG00016,3CF00016,3CM00016
,__export__.education_admission_register_3,Father,6315,17,C,MD. MAHAMUD-UN-NOBI,মোঃ মাহমুদ-উন-নবি,MD. MOJIBUL HOQUE,মোঃ মুজিবুল হক,MD. MOJIBUL HOQUE,ASMA AKHTER,আসমা আকতার,2009-04-20,External,"141/4, PAIKPARA GOVT STAFF QUERTER",MIRPUR,DHAKA,1552453142,1552453142,PIADAH JORGASA,SATHEYA,PAVNA,FALSE,Male,,,3CG00017,3CF00017,3CM00017
,__export__.education_admission_register_3,Father,6322,18,C,ZAYED MUSTAKEEN,জায়েদ মুসতাকিন,MD. SHAWKAT ALI,মোঃ শাওকত আলী,MD. SHAWKAT ALI,TASLIMA KHANOM,তাসলিমা খানম,2009-09-18,External,"17/1-A, PAIKPARA",MIRPUR,DHAKA,1819188188,1819188188,KOLATOLA DO,CHETOLMARI,BAGARHUT,FALSE,Male,,,3CG00018,3CF00018,3CM00018
,__export__.education_admission_register_3,Father,6355,19,C,FARHAN ISLAM MAUN,ফরহান ইসলাম মন,MD. TAZUL ISLAM,মোঃ তাজুল ইসলাম,MD. TAZUL ISLAM,SUMA ISLAM,সুমা ইসলাম,2008-10-09,External,"23-B, 2ND COLONY, MAZAR ROD",MIRPUR,DHAKA,1772494440,1772494440,POLASBARI BALIAPARA,DO,KURIGRAM,FALSE,Male,,,3CG00019,3CF00019,3CM00019
,__export__.education_admission_register_3,Father,6374,20,C,JARIF SHAHRIAR SHAFEE,জারিফ শাহরিয়ার শফী,MD. TAIJUL ISLAM,মোঃ তাজুল ইসলাম,MD. TAIJUL ISLAM,SHAHANA KHANAM,শাহানা খানম,2008-08-12,External,"90/2, PAIKPARA",MIRPUR,DHAKA,123456789,123456789,AL NOOR TOWAR R-7,SOUTH BISHIL,DHAKA,FALSE,Male,,,3CG00020,3CF00020,3CM00020
,__export__.education_admission_register_3,Father,6369,21,C,JANEFAR SULTANA DISHA,জেনিফার সুলতান দিশা,MD. ABU JAFAR MIA,মোঃ আবু জাফর মিয়া,MD. ABU JAFAR MIA,REHANA BEGUM RINA,রেহানা বেগম রিনা,2008-11-17,External,"334-A, ECOTA ROAD AHMED NAGOR",MIRPUR,DHAKA,1718665225,1718665225,NORTH SALOD PONDIT SAR,NORIA,SHORIATPUR,FALSE,Male,,,3CG00021,3CF00021,3CM00021
,__export__.education_admission_register_3,Father,6392,22,C,TITHI MALLIK,তিথী মল্লিক,NIKHIL CHANDRA MOLLIK,নিখিল চন্দ্র মল্লিক,NIKHIL CHANDRA MOLLIK,PROVA SARKER,প্রভা সরকার,2009-12-01,External,"173, FIROZA GARDEN, MIDDLE PAIKPARA",MIRPUR,DHAKA,1716941817,1716941817,479 HAR GRAM NUTUN PARA COAT PARA,RAJSHAHI,DO,FALSE,Male,,,3CG00022,3CF00022,3CM00022
,__export__.education_admission_register_3,Father,6365,23,C,MD. HAMIDUR RAHMAN,মোঃ মাহমুদুর রহমান,MD. SHAH ALAM,মোঃ শাহ আলম,MD. SHAH ALAM,HAZERA BEGUM,হাজেরা বেগম,2009-10-21,External,"117, SOUTH BISHIL, RO-10",MIRPUR,DHAKA,1720528050,1720528050,SHEIK PARA DO,CHUADHANGA,DO,FALSE,Male,,,3CG00023,3CF00023,3CM00023
,__export__.education_admission_register_3,Father,6371,24,C,TABASSUM HOSSAIN ETI,তাবাসসুম হোসেন বিথি ,MD. TUSHAR HOSSAIN,মোঃ তুষার হোসেন,MD. TUSHAR HOSSAIN,SHARMIN AKTER,শারমিন আকতার,2009-08-07,External,"81/2-A, MIDDLE PAIKPARA",MIRPUR,DHAKA,1735868672,1735868672,KARONKHAL NUR MANIK CHAR,CHANDINA,COMILLA,FALSE,Male,,,3CG00024,3CF00024,3CM00024
,__export__.education_admission_register_3,Father,6342,25,C,ARIHA RAHMAN TUA,আরিহা রহমান তোয়া,MD. ATIQUR RAHMAN,মোঃ আতিকুর রহমান,MD. ATIQUR RAHMAN,MRS. JEBON NESA NARGIS,মিসেস জেবুন নেসা নার্গিস,2009-09-25,External,"409/13/2, B SP ROAD, SOUTH PAIKPARA",MIRPUR,DHAKA,1552389804,1552389804,HASHA GOAL BAOR BAZER,FARID GONJ,CHAND PUR,FALSE,Male,,,3CG00025,3CF00025,3CM00025
,__export__.education_admission_register_3,Father,6337,26,C,MD. ZESAN MAHMUD,মোঃ জিসান মাহমুদ,MD. RAFIQUL ISLAM,মোঃ রফিকুল ইসলাম,MD. RAFIQUL ISLAM,MST. ZINAT RAHANA,মোসাঃ জিনাত রেহেনা,2009-04-30,External,238-A/1 AHMED NAGOR,MIRPUR,DHAKA,1924276448,1924276448,RAZANAGOR HOBIGONJ,DO,HOBIGONGJ,FALSE,Male,,,3CG00026,3CF00026,3CM00026
,__export__.education_admission_register_3,Father,6361,27,C,TASFIAH TASNIM,তাসফিয়া তাসনিম,MD. SHAMEEM-E-ZAMAN,মোঃ শামিম-ই-জামান,MD. SHAMEEM-E-ZAMAN,MST. FARHANA HAQUE,মোসাঃ ফারহানা হক,2008-09-21,External,"258, AHMED NAGOR PAIKPARA",MIRPUR,DHAKA,02-900373798,02-900373798,STHOL JOGONANTPUR,SHORISABARI,JAMALPUR,FALSE,Male,,,3CG00027,3CF00027,3CM00027
,__export__.education_admission_register_3,Father,6318,28,C,SHAKH ABDUL KHALEK YAQIN,শেখ আবদুল খালেক ইয়াকিন,SHAKH MD. ZAHIDUL ISLAM ZAHID,শেখ মোঃ জাহিদুল ইসলাম জাহিদ,SHAKH MD. ZAHIDUL ISLAM ZAHID,MST. AMBIYA KHATUN AKHI,মোসাঃ আম্বিয়া খাতুন আখী,2009-09-06,External,"CHAT KHIL BABON-G/2, 19/E/1, TOLERBAGH",MIRPUR,DHAKA,1932603157,1932603157,LAXMIPUR JORADOH,HARINAKUNDO,JINAIDAH,FALSE,Male,,,3CG00028,3CF00028,3CM00028
,__export__.education_admission_register_3,Father,6381,29,C,NUR MOHAMMAD PREM,নুর মোহাম্মদ প্রেম,MD. SHOWKAT ALI,মোঃ শওকত আলী,MD. SHOWKAT ALI,ROJINA AKTER,রোজিন আকতার,2010-01-01,External,"GC-124-5, GOV. STAFF QUARTER",MIRPUR,DHAKA,1985443497,1985443497,NANDINA DO,JAMALPUR,DO,FALSE,Male,,,3CG00029,3CF00029,3CM00029
,__export__.education_admission_register_3,Father,6294,30,C,MAHMUDUL HASAN,মাহমুদুল হাসান,MD. RASHIDUL HASAN,মোঃ রশিদুল হাসান,MD. RASHIDUL HASAN,MOST. SHARMIN AKTER,মোসাঃ শারমিন আকতার,2009-05-09,External,"FULLKUCHI NIR, 1/9/4, TOLER BAGH",MIRPUR,DHAKA,1985446902,1985446902,SALGORIA DO,DO,PABNA,FALSE,Male,,,3CG00030,3CF00030,3CM00030
,__export__.education_admission_register_3,Father,6346,31,C,EHSHANUL KABIR TASHFIQUR,এহসানুল কবির তাসফিকুর,A. H. M. MASUD,এ এইচ এম মাসুদ,A. H. M. MASUD,MAHFUZA AKHTER MONI,মাহফুজা আক্তার মনি,2009-08-30,External,"10/5, TOLARBAG",MIRPUR,DHAKA,1912233535,1912233535,SOUTH CHECHRI KOIKHATI BAZER,KATHALIA,JHALAKATI,FALSE,Male,,,3CG00031,3CF00031,3CM00031
,__export__.education_admission_register_3,Father,6292,32,C,TANSHIA KHAN,তানশিয়া খান,MANIK HOSSAIN KHAN,মানিক হোসেন খান,MANIK HOSSAIN KHAN,TANZILZ KHAN,তানজিলা খান,2009-04-13,External,"365, AHMED NAGAR PAIKPARA",MIRPUR,DHAKA,1817130111,1817130111,FAKRABAD BORODAL,ASHASUNI,SATKHIRA,FALSE,Male,,,3CG00032,3CF00032,3CM00032
,__export__.education_admission_register_3,Father,6542,33,C,SADIA ISLAM TUSMI,সাদিয়া ইসলাম তাসমি,MD. SHAHIDUL ISLAM,মোঃ শাহীদুল ইসলাম,MD. SHAHIDUL ISLAM,TASLIMA AKTHER,তাসলিমা আকতার,2009-09-26,External,"P.C. CULTURE HOUSING, HOUSE-20 KA",SHAMOLI,DHAKA,1814495473,1814495473,LOKHIAR PARA KASHIM BAZER,SUNDARGONJ,GAIBANDA,FALSE,Male,,,3CG00033,3CF00033,3CM00033
,__export__.education_admission_register_3,Father,6465,34,C,TASFIA HUMAYRA,তাসফিয়া হুমায়ারা,SHEIKH SHAMIM HOSSAIN,শেখ শামীম হোসেন,SHEIKH SHAMIM HOSSAIN,MAMTAZ AKTER,মমতাজ আকতার,2009-09-03,External,"92-KA, SHAH ALI BAGH",MIRPUR,DHAKA,1819488917,1819488917,DO MIRPUR,MIRPUR,DHAKA,FALSE,Male,,,3CG00034,3CF00034,3CM00034
,__export__.education_admission_register_3,Father,6281,35,C,NAILA BENJIR,নায়লা বেঞ্জির,MD. ABUL KASHEM,মোঃ আবুল কাশেম,MD. ABUL KASHEM,SHAHNAZ BEGUM,শাহনাজ বেগম,2009-09-06,External,"19/E, NORTH TOLER BAG",MIRPUR,DHAKA,1720181199,1720181199,KATAKHALI MOLLARHAT,NOLCHETHE,JALOKHATHE,FALSE,Male,,,3CG00035,3CF00035,3CM00035
,__export__.education_admission_register_3,Father,6892,36,C,FARIHA AKTER,ফারিহা আকতার,MD. MILON MOLLA,মোঃ মিলন মোল্লা,MD. MILON MOLLA,NASRIN AKTER,নাসরিন আকতার,2009-10-11,External,"C-5/8, DHAKA SHIKSHA BOARD STAFF QUERTER",MIRPUR,DHAKA,123456789,123456789,TAHIR PUR KASHIM NAGAR,RAMGONJ,LAXMIPUR,FALSE,Male,,,3CG00036,3CF00036,3CM00036
,__export__.education_admission_register_3,Father,6364,37,C,SAMIA AKTER,সামিয়া আক্তার,WAHID ULLAH,ওয়াহিদ উল্লাহ,WAHID ULLAH,AYSHA BEGUM,আয়েশা বেগম,2009-05-03,External,"P-40, R-7, SOUTH BISHIL",MIRPUR,DHAKA,1818922220,1818922220,MEGA BODOLCOURT,CHATKHIL,NOAKHALI,FALSE,Male,,,3CG00037,3CF00037,3CM00037
,__export__.education_admission_register_3,Father,6280,38,C,SUMIA ISLAM,সুমাইয়া ইসলাম,MD. SHARIFUL ISLAM,মোঃ শরিফুল ইসলাম,MD. SHARIFUL ISLAM,NASRINA ISLAM,নাসরিনা ইসলাম,2010-01-01,External,"ROAD-11, HOUSE- 6/1, SOUTH BISIL",MIRPUR,DHAKA,1715630847,1715630847,SHALGARIA PABNA,SADAR,PABNA,FALSE,Male,,,3CG00038,3CF00038,3CM00038
,__export__.education_admission_register_3,Father,7531,39,C,AFSANA ANZUM OPEKKAH,আফসানানা আনজুম অপেক্ষা,MD. MIZANUR RAHMAN,মোঃ মিজানুর রহমান,MD. MIZANUR RAHMAN,SORNA RAHMAN,স্বর্ণা রহমান,2009-11-07,External,"19/3, SHAPNO SAYA, SHAH ALI BAGH",MIRPUR,DHAKA,1910143368,1910143368,GATISHUBOGACHA DO,KAZIPUR,SERAJGONG,FALSE,Male,,,3CG00039,3CF00039,3CM00039
,__export__.education_admission_register_3,Father,7528,40,C,TASFIAH KABIR SUSMI,তাসফিয়া কবির সুসমি,MD. ALAMGIR KABIR,মোঃ আলমগীর কবির,MD. ALAMGIR KABIR,ASMA KABIR,আসমা কবির,2009-05-26,External,"27/1/B/1, SHAH ALI BAG",MIRPUR,DHAKA,1911333525,1911333525,EAST DORILLA PACH DORILLA,NANDAIL,MYMONSING,FALSE,Male,,,3CG00040,3CF00040,3CM00040
