id,register_id/id,guardian_relation,student_id,roll_no,section,name,name_b,father_name,father_name_b,guardian_name,mother_name,mother_name_b,date_of_birth,student_category,street,street2,city,father_mobile,per_street,per_street2,per_city,is_same_address,religion_id/id,guardian_NID,father_NID,mother_NID
,__export__.education_admission_register_4,Father,6895,1,A,MANSUR BIN AOWLAD,মনসুর বিন আওলাদ,MD. AOWLAD HOSSAIN,মোঃ আওলাদ হোসেন,MANSUR BIN AOWLAD,SHARMIN SULTANA,শারমিন সুলতানা,2008-04-25,External,"302, AHMED NAGAR, FLAT NO-C-4",MIRPUR,DHAKA,1720085757,SREEBARI BOROTIA,GIYOR,MANIKGONJ,FALSE,,C4ABCF0001,C4ABCG0001,C4ABCM0001
,__export__.education_admission_register_4,Father,5893,2,A,MD. AL IMRAN,মোঃ আল ইমরান,MD. TOUHIDUL ISLAM,মোঃ তৌহিদুল ইসলাম,MD. AL IMRAN,MOST. ERANI KHANUM,মোসাঃ ইরানি খানম,2008-11-27,External,"RODENIOM VILA, 19/C, NORTH TOLET BAGH",MIRPUR,DHAKA,123456789,PATI AMLI MOLLIK PUR,PATNI TALA,NOGOAN,FALSE,,C4ABCF0002,C4ABCG0002,C4ABCM0002
,__export__.education_admission_register_4,Father,5854,3,A,TAYEED IBNE ASHRAFI,তায়ইদ ইবনে আশ্রাফি,NUR HOSEN ASHRAFI,নূর হোসেন আশরাফি,TAYEED IBNE ASHRAFI,MST. TANZIDA SULTANA,মোসাঃ তানজিদা সুলতানা,2009-04-25,Internal,"334/KHA/1, AHMED NAGAR",MIRPUR,DHAKA,1717757200,FAKIRA BORO DHARGHA HUT,PEER GASA,RONGPUR,FALSE,,C4ABCF0003,C4ABCG0003,C4ABCM0003
,__export__.education_admission_register_4,Father,5871,4,A,S.M. TAHSIN ALAM,এস.এম. তাহসিন আলম,MOHAMMAD SHAH ALAM,মোহাম্মদ শাহ আলম,S.M. TAHSIN ALAM,SARMIL SULTANA,সারমিল সুলতানা,2008-12-11,External,"2/8/I, TOLER BAGH",MIRPUR,DHAKA,1911285131,AMIRABAD NORSINDI,DO,DO,FALSE,,C4ABCF0004,C4ABCG0004,C4ABCM0004
,__export__.education_admission_register_4,Father,5937,5,A,MUHAIMINUR RAHMAN JISHAN,মুহাইমিনুর রহমান জিশান,MD. MONSUR RAHMAN,মোঃ মনসুর রহমান,MUHAIMINUR RAHMAN JISHAN,MST. JESMIN ARA KHATUN,মোসাঃ জেসমিন আরা খাতুন,2009-05-01,External,"40/7, WAK-UP COLONI",MIRPUR,DHAKA,1712963952,NOROI GASA LAXONHATI,BAGATI PARA,NATOR,FALSE,,C4ABCF0005,C4ABCG0005,C4ABCM0005
,__export__.education_admission_register_4,Father,5866,6,A,MD. TAHSINUR RAHMAN,মোঃ তাহসিনুর রহমান,MD. WALIUR RAHMAN,মোঃ ওয়ালিউর রহমান,MD. TAHSINUR RAHMAN,HABIBA SULTANA,হাবিবা সুলতানা,2009-06-23,External,"28/1-A, MIDDLE PAIKPARA",MIRPUR,DHAKA,1710852320,BRITTIDEBI RAJNAGAR MIRZAPUR,SOWLOKUPA,JINAIDAH,FALSE,,C4ABCF0006,C4ABCG0006,C4ABCM0006
,__export__.education_admission_register_4,Father,5904,7,A,RAKESH RUHIT DAS,রাকেশ রুহিত দাস,RANJIT CHANDRA DAS,রঞ্জিত চন্দ্র দাস,RAKESH RUHIT DAS,GOURI RANI DAS,গৌরি রানী দাস,2008-09-01,External,"45/8, WALK UP GOVT STAFF QUERTER",MIRPUR,DHAKA,1717552212,MAIZBARI HARGILA BAZER,ISLAM PUR,JAMALPUR,FALSE,,C4ABCF0007,C4ABCG0007,C4ABCM0007
,__export__.education_admission_register_4,Father,5876,8,A,ANINDYA BRATO SEN,অনিন্দ ব্রত সেন,ANIL SEN,অনিল সেন,ANINDYA BRATO SEN,TAPASI RANI BARMA,তাপসী রানী বর্ম,2008-11-16,External,"74/E, ROAD NO-14, NOTUN BAZER, KALLANPUR",MIRPUR,DHAKA,1819883148,BHOGIR VITA DIGIRPAR,NAGESSHOR,KURIGRAM,FALSE,,C4ABCF0008,C4ABCG0008,C4ABCM0008
,__export__.education_admission_register_4,Father,5943,9,A,MD. MAHEM SHAIK,মোঃ মহেম শাইক,MD. MAMUN SHAIK,মোঃ মামুন শাইক,MD. MAHEM SHAIK,AYESHA SHAIK,আয়েশা শাইক,2008-02-23,External,"284/7, AHMED NAGAR",MIRPUR,DHAKA,1726694397,DO MIRPUR,DO,DHAKA,FALSE,,C4ABCF0009,C4ABCG0009,C4ABCM0009
,__export__.education_admission_register_4,Father,5939,10,A,MD. MONOWAR HOSSAIN,মোঃ মনোয়ার হোসেন,MD. MAHE ALAM,মোঃ মহি আলম,MD. MONOWAR HOSSAIN,NARGIS,নার্গিস,2008-01-01,External,"110/8, PAIKPARA GOVT. STAFF QUERTER",MIRPUR,DHAKA,1717295623,DHONIA DO,VOLA,DO,FALSE,,C4ABCF0010,C4ABCG0010,C4ABCM0010
,__export__.education_admission_register_4,Father,6871,11,A,SHAFIULLAH KHAN SABIK,শফিউল্লাহ খান সাকিব,KEFAYET ULLAH KHAN SOHEL,কেফায়েত উল্লাহ খান সোহেল,SHAFIULLAH KHAN SABIK,SALMA AKTER,সালমা আক্তার,2009-10-17,External,"137/3-A, TOLER BAGH",MIRPUR,DHAKA,1976243214,SARI SAT ROSHI ATROSHI,SADAR PUR,FARID PUR,FALSE,,C4ABCF0011,C4ABCG0011,C4ABCM0011
,__export__.education_admission_register_4,Father,5891,12,A,FAHIM AHMED,ফাহিম আহমেদ,FIROJ AHMED,ফিরোজ আহমেদ,FAHIM AHMED,AIRIN NAHAR,আইরিন নাহার,2009-10-22,Internal,"10/5-B, DHAKA SHIKSHA BOARD STAFF QUERTER",MIRPUR,DHAKA,123456789,SOWILMATI SHIALDI,ALFADHANGA,FARIDPUR,FALSE,,C4ABCF0012,C4ABCG0012,C4ABCM0012
,__export__.education_admission_register_4,Father,5932,13,A,MD. LIAQAT HOSEN LIFAT,মোঃ লিয়াকত হোসেন লিফাত,MOHAMMAD LAL MIAH,মোহাম্মদ লাল মিয়া,MD. LIAQAT HOSEN LIFAT,LOVELY AKTER,লাভলী আকতার,2009-11-26,External,"114/A, SHAH ALI BAGH",MIRPUR,DHAKA,1915100785,AGRAKHALI DIGRIR CHAR,ISLAM PUR,JAMAL PUR,FALSE,,C4ABCF0013,C4ABCG0013,C4ABCM0013
,__export__.education_admission_register_4,Father,5928,14,A,MAHI ALAM,মাহি আলম,A.K.M. MONIRUL ALAM,এ.কে.এম. মনিরুল আলম,MAHI ALAM,PARVIN SULTANA,পারভিন সুলতানা,2007-11-26,External,"A-119/8, PAIKPARA ANSWER CAMP",MIRPUR,DHAKA,1766108733,DO MIRPUR,DO,DHAKA,FALSE,,C4ABCF0014,C4ABCG0014,C4ABCM0014
,__export__.education_admission_register_4,Father,6498,15,A,MD. LEON,মোঃ লিয়ন,MD. HOSSAIN,মোঃ হোসেন,MD. LEON,SHAMSUNNA,শামসুন্না,2008-12-10,External,"162/1. ROAD-7, SOUTH BISIL",MIRPUR,DHAKA,1703828240,SARE BISHRASHI PANCH CHAR,SHIPCHAR,MADARIPUR,FALSE,,C4ABCF0015,C4ABCG0015,C4ABCM0015
,__export__.education_admission_register_4,Father,5907,16,A,SALMAN AMIR HAMZA,সালমান আমির হামজা,MD. MONIR HOSSAIN,মোঃ মনির হোসেন,SALMAN AMIR HAMZA,HALIMA AHMED SIMA,হালিমা আহমেদ সিমা,2008-09-21,External,"52/2, MIDDLE PAIKPARA",MIRPUR,DHAKA,1918199376,DO MIRPUR,DO,DHAKA,FALSE,,C4ABCF0016,C4ABCG0016,C4ABCM0016
,__export__.education_admission_register_4,Father,5941,17,A,SUDIPTO DAS DIPTO,সুদিপ্ত দাস দিপ্ত,JAGODISH KUMAR DAS,জগদীশ কুমার দাস,SUDIPTO DAS DIPTO,PROTIMA DAS,প্রতিমা দাস,2008-04-21,External,"3/4, ROAD NO-11, SOUTH BISHIL",MIRPUR,DHAKA,1827592330,"CHAR MOHONPUR LAHIRI, MOHONPUR",ULLAPARA,SIRAJGONJ,FALSE,,C4ABCF0017,C4ABCG0017,C4ABCM0017
,__export__.education_admission_register_4,Father,5828,18,A,ASHFAHEE AHNAF,আশফাহে আহনাফ,MD. MAHBUB,মোঃ মাহবুব,ASHFAHEE AHNAF,MONIRA YESMIN,মনিরা ইয়াসমিন,2008-11-12,External,"26/16, MIDDLE PAIKPARA",MIRPUR,DHAKA,1730450776,DO MIRPUR,DO,DHAKA,FALSE,,C4ABCF0018,C4ABCG0018,C4ABCM0018
,__export__.education_admission_register_4,Father,6869,19,A,MD. TAHMINUL HAQUE,মোঃ তাহমিনুল হক,MD. SHOHEL BIN AZIZ,মোঃ শাহেব বিন আজিজ,MD. TAHMINUL HAQUE,SHAMIMA SULTANA,শামীমা সুলতানা,2008-11-19,External,"HOUSE NO-68, JONAKI ROAD, EAST AHMED NAGAR",MIRPUR,DHAKA,1714623777,SHAMOLI PARA ULLAH PARA,DO,SIRAJ GONJ,FALSE,,C4ABCF0019,C4ABCG0019,C4ABCM0019
,__export__.education_admission_register_4,Father,5918,20,A,MD. MOKSEDUR RAHMAN MOHIN,মোঃ মোকসেদুর রহমান মহিন,MD. JAHANGIR ALOM,মোঃ জাহাঙ্গীর আলম,MD. MOKSEDUR RAHMAN MOHIN,MAKSUDA BEGUM,মাকসুদা বেগম,2008-01-01,External,"HOUSE-133, ROAD-10, SOUTH BISIL",MIRPUR,DHAKA,123456789,RAMDASDI BOHORIA BAZER,CHAND PUR,DO,FALSE,,C4ABCF0020,C4ABCG0020,C4ABCM0020
,__export__.education_admission_register_4,Father,6872,21,A,SAMI SHALAHO AWOFI,সামি শালাহো আওফি,MD. MOYEN UDDIN,মোঃ মইন উদ্দিন,SAMI SHALAHO AWOFI,MOST. SHAMIMA AKHTER,মোসাঃ শামীমা আখতার,2007-11-23,External,"21/14, PAIKPARA GOVT STAFF QUERTER",MIRPUR,DHAKA,1782125204,CHAKBULAKI RANI NAGAR,NOWGOAN,DO,FALSE,,C4ABCF0021,C4ABCG0021,C4ABCM0021
,__export__.education_admission_register_4,Father,6986,22,A,MD. JUNAED RAUF,মোঃ জুনাইদ আরাফ,MD. ABDUR RAUF MIAH,মোঃ আবদুর রাউফ মিয়া,MD. JUNAED RAUF,MOST. MAMOTAJ ARA CHOUDHURY,মোসাঃ মমতাজ আরা চৌধুরী,2009-03-20,External,"33/A, MIDDLE PAIKPARA",MIRPUR,DHAKA,1720413547,SHANTIRAM KALITOLA,SUNDAR GONJ,GAIBHANDA,FALSE,,C4ABCF0022,C4ABCG0022,C4ABCM0022
,__export__.education_admission_register_4,Father,5865,23,A, REDWAN BHUIYAN RAFE, রেডওয়ান ভুঁইয়া রাফি,A.K.M. BILLAL HOSSAIN BHUIYAN,এ.কে.এম. বিল্লাল হোসেন ভুইয়া, REDWAN BHUIYAN RAFE,JASMIN AKTER,জেসমিন আক্তার,2009-08-26,Internal,"B-8/6, SHIKSHA BOARD STAFF QUERTER",MIRPUR,DHAKA,1729820767,BASHGOR RAMGONJ,DO,LAXMIPUR,FALSE,,C4ABCF0023,C4ABCG0023,C4ABCM0023
,__export__.education_admission_register_4,Father,5883,24,A,MD. ASRAFUL ISLAM,মোঃ আশরাফুল ইসলাম,MD. ABU JAFOR,মোঃ আবু জাফর,MD. ASRAFUL ISLAM,MST. SHIRIN SULTANA,মোসাঃ শিরিন সুলতানা,2009-11-05,External,"29/13, PAIKPARA GOVT. STAFF QUERTER",MIRPUR,DHAKA,1725277474,WEST GUDIGATA ROAD PARA,BORGUNA,DO,FALSE,,C4ABCF0024,C4ABCG0024,C4ABCM0024
,__export__.education_admission_register_4,Father,5934,25,A,K.M. WORISUL HAQUE MUHIT,কে এম ওয়ারিসুল হক মুহিত,K.M. ABDUL WADUD,কেএম আবদুল ওয়াদুদ,K.M. WORISUL HAQUE MUHIT,MST. MARZAN KHANAM,মোসাঃ মারজান খানম,2008-11-17,External,"25/13, SHAH ALI BAGH",MIRPUR,DHAKA,1711152696,AGARPUR ROWHADAH,SALANGA,SIRAJGONJ,FALSE,,C4ABCF0025,C4ABCG0025,C4ABCM0025
,__export__.education_admission_register_4,Father,5820,26,A,HUSAIN MOHAMMAD MUNTAHI,হোসেন মোহাম্মদ মুনতাহী,MD. MOHIUDDIN,মোঃ মহিউদ্দিন,HUSAIN MOHAMMAD MUNTAHI,ASMA SULTANA,আসমা সুলতানা,2009-09-05,Internal,"B-6/6, DHAKA SHIKSHA BOARD STAFF QUERTER",MIRPUR,DHAKA,1715712265,EAST SADARDI BHANGA,DO,FARIDPUR,FALSE,,C4ABCF0026,C4ABCG0026,C4ABCM0026
,__export__.education_admission_register_4,Father,5923,27,A,TAHSIN SHARIF AHAN,তাহসিন শরীফ অহন,MD. SHARIFUL ISLAM,মোঃ শরিফুল ইসলাম,TAHSIN SHARIF AHAN,RUNA PARVIN,রুনা পারভিন,2009-07-11,External,"19/G-1, FLAT-2/B, NORTH TOLAR BAGH",MIRPUR,DHAKA,1712512423,RAJAPUR LAHURIA KALIGONJ,LOHAGARA,NORAIL,FALSE,,C4ABCF0027,C4ABCG0027,C4ABCM0027
,__export__.education_admission_register_4,Father,5834,28,A,MD. HAMIM SHORKAR,মোঃ হামিম শরকার,MD. MOSTAFA KAMAL,মোঃ মোস্তফা কামাল,MD. HAMIM SHORKAR,PARUL AKTER,পারুল আকতার,2009-04-25,External,"48/11, SOUTH BISIL",MIRPUR,DHAKA,1816411588,JAHAPUR DO,MURAD NAGAR,COMILLA,FALSE,,C4ABCF0028,C4ABCG0028,C4ABCM0028
,__export__.education_admission_register_4,Father,5885,29,A,MD. JAHIDUL ISLAM FAHIM,মোঃ জাহিদুল ইসলাম ফাহিম,MD. OSMAN,মোঃ ওসমান,MD. JAHIDUL ISLAM FAHIM,SALMA AKTER,সালমা আক্তার,2008-06-29,External,"1/D, 8/13, MIRPUR",MIRPUR,DHAKA,1716173103,DO MIRPUR,DO,DHAKA,FALSE,,C4ABCF0029,C4ABCG0029,C4ABCM0029
,__export__.education_admission_register_4,Father,6991,30,A,MD. FAHAD HOSSAN ARAF,মোঃ ফাহাদ হোসেন আরাফ,MD. MAMUN HOSSAIN,মোঃ মামুন হোসেন,MD. FAHAD HOSSAN ARAF,SHAHIN SULTANA,শাহীন সুলতানা,2008-05-09,External,"120 JANATA HOUSINJ, SHAH ALI BAGH",MIRPUR,DHAKA,1921191312,DO B.D SHARIF,MIRPUR,DHAKA,FALSE,,C4ABCF0030,C4ABCG0030,C4ABCM0030
,__export__.education_admission_register_4,Father,5837,31,A,MD. ABIDUR RAHMAN JIM,মোঃ আবিদুর রহমান জিম,MD. DULAL MIAH,মোঃ দুলাল মিয়া,MD. ABIDUR RAHMAN JIM,ASMA BEGUM,আসমা বেগম,2009-07-16,External,"9/6-B, TOLERBAGH",MIRPUR,DHAKA,1913754924,SYED PUR GANGATIA,HOSEN PUR,KISHOR GONJ,FALSE,,C4ABCF0031,C4ABCG0031,C4ABCM0031
,__export__.education_admission_register_4,Father,5950,32,A,TAHMID RAHMAN,তাহমিদ রহমান,MOFIZUR RAHMAN,মফিজুর রহমান,TAHMID RAHMAN,LOVELY KHANAM,লাভলী খানম,2009-04-19,External,"16/2, C- TOLER BAGH",MIRPUR,DHAKA,1711810689,DO B.D.SARIF,DARUS SALAM,DHAKA,FALSE,,C4ABCF0032,C4ABCG0032,C4ABCM0032
,__export__.education_admission_register_4,Father,5946,33,A,MD. SAYED HOSSAIN NIRAB,মোঃ সৈয়দ হোসেন নিরব,MD. NAYON MIAH,মোঃ নয়ন মিয়া,MD. SAYED HOSSAIN NIRAB,MOST. RITA AKTER,মোসাঃ রিতা আক্তার,2009-05-14,External,"123/2, ROAD NO-10, SOUTH BISIL",MIRPUR,DHAKA,1738193101,BEER AHMED PUR NORANDRAPUR,MONOHORDI,NORSINDI,FALSE,,C4ABCF0033,C4ABCG0033,C4ABCM0033
,__export__.education_admission_register_4,Father,5899,34,A,MD. MASHRIKIN ZAMAN,মোঃ মাসরিকিন জামান,MD. ROKANUZZAMAN,মোঃ রোকনুজ্জামান,MD. MASHRIKIN ZAMAN,MASUMA,মাসুমা,2009-05-26,External,"302, 4TH FLOOR, AHMED NAGAR PAIKPARA",MIRPUR,DHAKA,1713243478,SUKENDI PARA RAMGAR,DO,KAGRA SORI,FALSE,,C4ABCF0034,C4ABCG0034,C4ABCM0034
,__export__.education_admission_register_4,Father,5852,35,A,MD. SAZED ZAHAN,মোঃ সাজেদ জাহান,MD. SARWAR ZAHAN,মোঃ সারোয়ার জাহান,MD. SAZED ZAHAN,MOST. SHAMIMA KHATUN,মোসাঃ শামীমা খাতুন,2008-03-25,External,"2/7, TOLER BAGH, WATER TANK",MIRPUR,DHAKA,1818237323,NOYAGOLA DO,CHAPAI NOBABGONJ,DO,FALSE,,C4ABCF0035,C4ABCG0035,C4ABCM0035
,__export__.education_admission_register_4,Father,5843,36,A,MD.MAHIDUL ISLAM IFAD,মোঃ মাহমুদুল ইসলাম ইফাদ,MD. EMDADUL HAQUE,মোঃ এমদাদুল হক,MD.MAHIDUL ISLAM IFAD,MUKTA AKHTAR,মুক্তা আখতার,2008-10-12,External,"28/25, PAIKPARA GOVT STAFF QUERTER",MIRPUR,DHAKA,123456789,SARASPUR POHOR DHANGA,KALIA,NORAIL,FALSE,,C4ABCF0036,C4ABCG0036,C4ABCM0036
,__export__.education_admission_register_4,Father,5868,37,A,MD. MEHARAJ HOSSAIN,মোঃ মেহরাজ হোসেন,MOHAMMED MASUD HOSSAIN,মোহাম্মদ মাসুদ হোসেন,MD. MEHARAJ HOSSAIN,BIBI JAHURA,বিবি জহুরা,2009-12-10,Internal,"B-3/6, SHIKSHA BOARD STAFF QUERTER",MIRPUR,DHAKA,123456789,SOLLA GOTAIYA PAK KISHOR GONJ,SUDARAM,NOHAKHALI,FALSE,,C4ABCF0037,C4ABCG0037,C4ABCM0037
,__export__.education_admission_register_4,Father,5845,38,A,RUDRO SAHA,রুদ্র সাহা,ROBIN KUMAR SAHA,রবিন কুমার সাহা,RUDRO SAHA,NIPA RANI SAHA,নিপা রানী সাহা,2008-02-06,External,"HOUSE NO-2, MOMOTA BABON, ROAD-11, SOUTH BISHIL",MIRPUR,DHAKA,1715350913,RUPA PAT RUPAPAT,BOALMARI,FARID PUR,FALSE,,C4ABCF0038,C4ABCG0038,C4ABCM0038
,__export__.education_admission_register_4,Father,5903,39,A,RAKIBUL ISLAM,রাকিবুল ইসলাম,MD. AMAN ULLAH,মোঃ আমান উল্লাহ,RAKIBUL ISLAM,SHEPALI BEGUM,শেপালি বেগম,2008-08-23,External,2/B-SOUTH BISIL,MIRPUR,DHAKA,1979094465,GUZIAKAIL SATOL PAR,NASHIR NAGAR,B.BARIA,FALSE,,C4ABCF0039,C4ABCG0039,C4ABCM0039
,__export__.education_admission_register_4,Father,5858,40,A,TAWSHAD TALUKDER,তাওশাদ তালুকদার,MOHAMMAD JASIM UDDIN TALUKDER,মোহাম্মদ জসিম উদ্দিন তালুকদার,TAWSHAD TALUKDER,SUMI AKTER MITU,সুমি আক্তার মিতু,2008-08-11,External,"20/1/B, FLAT NO-2/D, TOLER BAGH",MIRPUR,DHAKA,123456789,SOLOK DO,UZIRPUR,BARISAL,FALSE,,C4ABCF0040,C4ABCG0040,C4ABCM0040
,__export__.education_admission_register_4,Father,5873,41,A,M.M JARIF HOSSAIN,এম এম জারিফ হোসেন,MD. SALIMUZZAMAN MOLLA,মোঃ সেলিমুজ্জামান মোল্লা,M.M JARIF HOSSAIN,KULSUM BEGUM,কুলসুম বেগম,2008-08-21,External,"162/5, ROAD NO-7, FATEMA TOWER, SOUTH BISIL",MIRPUR,DHAKA,1713211240,DO B.D. SHARIF,DARUS SALAM,DHAKA,FALSE,,C4ABCF0041,C4ABCG0041,C4ABCM0041
,__export__.education_admission_register_4,Father,5874,42,A,AHNAF ADIL FARHAN,আহনাফ আদিল ফারহান,MD. BELAYET HOSSAIN,মোঃ বেলায়েত হোসেন,AHNAF ADIL FARHAN,HOSNA ARA PARVIN,হোসনে আরা পারভিন,2008-10-09,External,7 NO SHAH ALI BAGH,MIRPUR,DHAKA,1935486484,DO MIRPUR,DO,DHAKA,FALSE,,C4ABCF0042,C4ABCG0042,C4ABCM0042
,__export__.education_admission_register_4,Father,6026,43,A,MAHBUBUR RAHMAN SAMIN,মাহবুবুর রহমান সামিন,MD. MONIR HOSSIN SIKDER,মোঃ মনির হোসেন শিকদার,MAHBUBUR RAHMAN SAMIN,SALMA SIKDER,সালমা সিকদার,2009-12-01,Internal,"B2/1, DHAKA SHIKSHA BOARD STAFF QUERTER",MIRPUR,DHAKA,1716673161,NAGORIR CHAR DARIAR CHAR,BANCHARAMPUR,B.BARIA,FALSE,,C4ABCF0043,C4ABCG0043,C4ABCM0043
,__export__.education_admission_register_4,Father,5829,44,A,AKIB AHMED ALIF,আকিব আহমেদ আলিফ,MD. ASHABUL HAQUE,মোঃ আশাবুল হক,AKIB AHMED ALIF,MOST. LOVELY EASMIN,মোসাঃ লাভলী ইয়াসমিন,2009-05-11,External,"137/5, MIDDLE PAIKPARA",MIRPUR,DHAKA,1718747973,KOLA BARI DO,DAMURHUDA,CHUADHANGA,FALSE,,C4ABCF0044,C4ABCG0044,C4ABCM0044
,__export__.education_admission_register_4,Father,5851,45,A,SHAHARIAR HASAN,শাহরিয়ার হাসান,MD. HUMAUN KABIR,মোঃ হুমায়ূন কবীর,SHAHARIAR HASAN,LOVELY LIPI,লাভলী লিপি,2009-08-13,External,"HOUSE-55, ROAD NO-9, SOUTH BISIL",MIRPUR,DHAKA,1618114499,DO B.D. SARIF,DARUS SALAM,DHAKA,,,C4ABCF0045,C4ABCG0045,C4ABCM0045
,__export__.education_admission_register_4,Father,5920,46,A,ALIF HOSSAIN NAFIO,আলিফ হোসেন নাফিও,MD. FARUQ HOSSAIN,মোঃ ফারুক হোসেন,ALIF HOSSAIN NAFIO,FARHANA HOSSAIN,ফারহানা হোসেন,2009-02-28,External,"40-A/B, 2ND COLONI",MIRPUR,DHAKA,1947782769,RAJNAGAR CHOWDDABURIA,NOLCITY,JALOKATI,,,C4ABCF0046,C4ABCG0046,C4ABCM0046
,__export__.education_admission_register_4,Father,6964,47,A,SAHABARAR HASAN ANAM,সাহাবারার হাসান এনাম,KHIRUL HASAN TITAES,খিয়রুল হাসান তিতাস,SAHABARAR HASAN ANAM,JASMIN AKTER,জেসমিন আক্তার,2008-10-10,External,"347/C, AHMED NAGAR PAIKPARA",MIRPUR,DHAKA,1613781078,MEEN GRAM ABIPUR,SOWLOKUPA,JINAIDHA,,,C4ABCF0047,C4ABCG0047,C4ABCM0047
,__export__.education_admission_register_4,Father,6501,48,A,KHONDOKAR MD. HASIBUL HASAN SIFAT,খন্দকার মোঃ হাসিবুল হাসান সিফাত,KHONDOKAR MD. KABIR UDDIN,খন্দকার মোঃ কবির উদ্দীন,KHONDOKAR MD. HASIBUL HASAN SIFAT,CHINU BEGUM,চিনু বেগম,2010-01-01,External,"170/2, BHUYAN GOLI, WEST AGARGOAN",SHAMOLI,DHAKA,1912236387,LAXMIKUNDO JOYDIA,COAT CHAND PUR,JINAIDAH,,,C4ABCF0048,C4ABCG0048,C4ABCM0048
,__export__.education_admission_register_4,Father,5929,49,A,MD. ABRAR JAWAD HASAN,মোঃ আবরার জাওয়াদ হাসান,MD. ERSHADUL HASAN,মোঃ এরশাদুল হাসান,MD. ABRAR JAWAD HASAN,MOS. HOSNA ARA PEAIL,মোসাঃ হোসনে আরা পিয়াল,2009-01-18,External,"312/7/4 LALKUTI, 1ST COLONI, BATEN NAGAR",MIRPUR,DHAKA,1718784274,KALITALA DINAJPUR,KOTOALI,DINAJPUR,,,C4ABCF0049,C4ABCG0049,C4ABCM0049
,__export__.education_admission_register_4,Father,5842,50,A,SADMAN HOSSAIN JARIF,সাদমান হোসেন জারিফ,MD. SIRAJUL ISLAM,মোঃ সিরাজুল ইসলাম,SADMAN HOSSAIN JARIF,FARIDA YESMIN,ফরিদা ইয়াসমিন,2009-12-30,External,"41/4/B, WALK UP COLONI",MIRPUR,DHAKA,1712417809,GAR RAJAIL DO,MUKTA GASA,MYMENSING,,,C4ABCF0050,C4ABCG0050,C4ABCM0050
,__export__.education_admission_register_4,Father,5821,51,A,A K.. TUSHER ISLAM,এ কে. তুষার ইসলাম,A.K MAZHARUL ISLAM,এ কে মাজহারুল ইসলাম,A K.. TUSHER ISLAM,MILE ISLAM,মিলি ইসলাম,2008-09-07,External,"36/2, SHAH ALI BAGH",MIRPUR,DHAKA,1716318296,BORO KASBA TORKI BANDAR,GOWRNODI,BARISAL,,,C4ABCF0051,C4ABCG0051,C4ABCM0051
,__export__.education_admission_register_4,Father,5916,52,A,TASFIQUR RAHMAN TOUSIF,তাসফিকুর রহমান তৌসিফ,KHURSIDUR RAHMAN,খুরশীদুর রহমান,TASFIQUR RAHMAN TOUSIF,MAHAFUZA RAHMAN,মাহাফুজা রাহমান,2009-09-19,External,"368/3/B/4, AHMED NAGAR, PAIKPARA",MIRPUR,DHAKA,1676936733,HAIM CHAR DO,DO,CHANDPUR,,,C4ABCF0052,C4ABCG0052,C4ABCM0052
,__export__.education_admission_register_4,Father,5902,53,A,TAWSIF ABDIN HASIB,তাওসীফ আবেদিন হাসিব,JOYNAL ABDIN,জয়নাল আবেদিন,TAWSIF ABDIN HASIB,TASLIMA BEGUM,তাসলিমা বেগম,2008-01-15,External,"50/B, ROAD-11 KALLANPUR",MIRPUR,DHAKA,1711113836,DO MIRPUR,DO,DHAKA,,,C4ABCF0053,C4ABCG0053,C4ABCM0053
,__export__.education_admission_register_4,Father,5940,54,A,SYAD RIFAT BIN SALAHIN,সৈয়দ রিফাত বিন সালেহিন,SYAD SIRAJUL SALAHIN,সৈয়দ সিরাজুল সালেহিন,SYAD RIFAT BIN SALAHIN,ROKEYA BEGUM BOBI,রোকেয়া বেগম ববি,2009-01-01,External,"52/3/KA, AHMED NAGAR",MIRPUR,DHAKA,1712618786,CHARIA CONA KOTIADI,DO,KISHOR GONJ,,,C4ABCF0054,C4ABCG0054,C4ABCM0054
,__export__.education_admission_register_4,Father,5850,55,A,MD. ALIF CHOWDHURY,মোঃ আলিফ চৌধুরী,MD. SAGAR CHOWDHURY,মোঃ সাগর চৌধুরী,MD. ALIF CHOWDHURY,PARVEN SULTANA,পারভীন সুলতানা,2009-09-02,Internal,"C-4/5, DHAKA SHIKSHA BOARD STAFF QUERTER",MIRPUR,DHAKA,1715165199,KARAN HOGLA KARTIKPUR,NORIA,SARIATPUR,,,C4ABCF0055,C4ABCG0055,C4ABCM0055
,__export__.education_admission_register_4,Father,5520,56,A,SAJIB AHMED,সজিব আহমেদ,MD. KAMAL HOSSEN,মোঃ কামাল হোসেন,SAJIB AHMED,MOST. RITA AKTER,রিতা আকতার,2009-01-21,Internal,"C-6/5, SHIKSHA BOARD STAFF QUERTER",MIRPUR,DHAKA,1718913531,KRISNO PUR BAHADUR PUR,PANSHA,RAJBARI,,,C4ABCF0056,C4ABCG0056,C4ABCM0056
,__export__.education_admission_register_4,Father,5200,57,A,WAKIF AHMED,ওয়াকিফ আহমেদ,KHAIR UDDIN AHMED,খায়ের উদ্দীন আহমেদ,WAKIF AHMED,ATIA KHANAM,আতিয়া খানম,2007-02-27,External,"HOUSE NO-280, BLOCK-B, WORD-3, POST OFFIC ROAD",SANAR PARA,NARAON GONJ,1915531323,DO SANAR PARA,SIDDIRGONJ,NARANGONJ,,,C4ABCF0057,C4ABCG0057,C4ABCM0057
,__export__.education_admission_register_4,Father,7406,58,A,MD. FAHIM AHMED,মোঃ ফাহিম আহমেদ,required name,প্রয়োজনীয় নাম,MD. FAHIM AHMED,required name,প্রয়োজনীয় নাম,2008-03-05,External,required address ,MIRPUR,DHAKA,123456789,required address ,,,,,C4ABCF0058,C4ABCG0058,C4ABCM0058
,__export__.education_admission_register_4,Father,7521,59,A,MD. ABDULLA AL MAMUN,মোঃ আবদুল্লাহ আল মামুন,MD. ABDUL HANNAN,মোঃ আবদুল হান্নান,MD. ABDULLA AL MAMUN,TASLIMA AKTER,তাসলিমা আক্তার,2008-02-22,External,"ROMAN TOWER 328/D, AHMED NAGAR PAIKPARA",MIRPUR,DHAKA,1929913120,BORO BAMISHA BAMISHA,SADAR,COMILLA,,,C4ABCF0059,C4ABCG0059,C4ABCM0059
,__export__.education_admission_register_4,Father,7534,60,A,NASMUS SAKIB,নাসমুস সাকিব,MD. HELAL UDDIN SHIKDER,মোঃ হেলাল উদ্দিন শিকদার,NASMUS SAKIB,NADIRA AKHTER,নাদিরা আখতার,2008-06-20,External,"HOUSE NO-162/2, ROAD NO-07, SOUTH BISHIL",MIRPUR,DHAKA,1674926800,LAMCHURI ANONDA BAZER,MATLOB NORTH,CHAND PUR,,,C4ABCF0060,C4ABCG0060,C4ABCM0060
