id,register_id/id,guardian_relation,student_id,roll_no,section,name,name_b,father_name,father_name_b,guardian_name,mother_name,mother_name_b,date_of_birth,student_category,street,street2,city,father_mobile,per_street,per_street2,per_city,is_same_address,religion_id/id,guardian_NID,father_NID,mother_NID
,__export__.education_admission_register_1,Father,7263,1,B,SAYMA KHAN NUHA,সায়মা খান নূহা,MD. RASHED KHAN MAMUN,মোঃ রাশেদ খান মামুন,MD. RASHED KHAN MAMUN,KHADIZA BEGUM,খাদিজা বেগম,2011-09-27,Internal,"16/2/B-7 FLOOR, TOLER BAG",MIRPUR,DHAKA,1712520817,"BARO BHIZORA, DAWATAZA",BAMNA,BARGUNA,FALSE,,1BG00001,1BF00001,1BM00001
,__export__.education_admission_register_1,Father,7262,2,B,MD. ABDUS SAMIUL ALIM,মোঃ আবদুস সামিউল আলীম,MD. ABDUL ALIM RASEL,মোঃ আবদুল আলীম রাসেল,MD. ABDUL ALIM RASEL,MST. TANIA KHANDAKAR,মোসাঃ তানিয়া খন্দকার,2011-02-01,Internal,"27-E/B, 1ST COLONI, JAHANARALIGASHI, LALKUTI",MIRPUR,DHAKA,1710349371,HALOYA PARA SARAIL,DO,BHRAMON BARIA,FALSE,,1BG00002,1BF00002,1BM00002
,__export__.education_admission_register_1,Father,7322,3,B,MAHIN HOSSAIN,মাহিন হোসেন,MIJAN HOSSAIN,মিজান হোসেন,MIJAN HOSSAIN,MOSUMI AKTER,মৌসুমি আক্তার,2011-06-12,Internal,"5/6-A, ROAD-11, SOUTH BISHIL",MIRPUR,DHAKA,12948634206,RAZERCHAR CHARMANAI,BARISAL SADAR,BARISAL,FALSE,,1BG00003,1BF00003,1BM00003
,__export__.education_admission_register_1,Father,7345,4,B,SHEIKH MAHIRUL ISLAM MAHIR,শেখ মাহিরুল ইসলাম মাহির,SHEIKH MOSARROF HOSSAIN,শাইখ মোশাররফ হোসেন,SHEIKH MOSARROF HOSSAIN,LOVELY  CHOWDHURY,লাভলী চৌধুরী,2011-09-26,Internal,"162/2/3/4, SOUTH BISHIL",MIRPUR,DHAKA,1234567890,DO B.D. SHARIF,DARUS SALAM,DHAKA,FALSE,,1BG00004,1BF00004,1BM00004
,__export__.education_admission_register_1,Father,7237,5,B,HABIBUR RAHMAN RAFI,হাবিবুর রহমান রাফি,A.K.M. GHULAM MONZOOR MIAH,এ.কে.এম. গোলাম মঞ্জুর মিয়া,A.K.M. GHULAM MONZOOR MIAH,RUMA AKTER,রুমা আক্তার,2011-04-25,Internal,"A-1/7, DHAKA SHIKSHA BOARD STAFF QUERTER",MIRPUR,DHAKA,1715001852,GARAILIRIMOHAN MIRZAPUR,DO,TANGAIL,FALSE,,1BG00005,1BF00005,1BM00005
,__export__.education_admission_register_1,Father,7286,6,B,SHRADDAH MAZUMDER,শ্রদ্ধ্যা মজুমদার,SAMIRAN MAZUMDER,সামিরান মাজুমদার,SAMIRAN MAZUMDER,KANA MAZUMDER,কণা মজুমদার,2011-11-25,Internal,"B-2/4, DHAKA SHIKSHA BOARD STAFF QUERTER",MIRPUR,DHAKA,1914307351,RAMMORA SUNDALI,ABOYNOGOR,JESSHORE,FALSE,,1BG00006,1BF00006,1BM00006
,__export__.education_admission_register_1,Father,7247,7,B,MD. RIAD HASAN,মোঃ রিয়াদ হাসান,MD. NANNU HASAN,মোঃ নান্নু হাসান,MD. NANNU HASAN,MOST. SHAHANAZ PARVIN,মোসাঃ শাহনাজ পারভিন,2011-07-13,Internal,"106/7, ANSWER CAMP A TIPE COLONI",MIRPUR,DHAKA,1729323554,SATANIR CHAR GOWRIGRAM,SATHIA,PABNA,FALSE,,1BG00007,1BF00007,1BM00007
,__export__.education_admission_register_1,Father,7236,8,B,APARAJITA ROY MRITTKA,অভিজিৎ রায় মৃত্তিকা,MONOTOSH CHANDRA,মনোতোস চন্দ্র,MONOTOSH CHANDRA,PROTIMA RANI ROY,প্রতিমা রানী রায়,2011-12-25,Internal,"C, 5/9, SHIKSHA BOARD STAFF QUERTER",MIRPUR,DHAKA,1234567890,KUSHLA DO,KOTALIPARA,GOPALGONJ,FALSE,,1BG00008,1BF00008,1BM00008
,__export__.education_admission_register_1,Father,7297,9,B,AFRIN JAHAN NOOR,আফ্রিন জাহান নূর,MOHAMMAD FARIDI,মোহাম্মদ ফরিদী,MOHAMMAD FARIDI,TANJILA AKTAR,তানজিলা আক্তার,2011-11-11,Internal,"20/17, TOLER BAG",MIRPUR,DHAKA,1930493537,DO B.D. SHARIF,DARUS SALAM,DHAKA,FALSE,,1BG00009,1BF00009,1BM00009
,__export__.education_admission_register_1,Father,7314,10,B,MD. ARRAF AHMED AAPON,মোঃ আরাফ আহমেদ আপন,MD. SHAMIM AHAMED,মোঃ শামীম আহমেদ,MD. SHAMIM AHAMED,SHITHILA ALAM,শিথিলা আলম,2011-08-14,Internal,"HOUSE NO-6, MIDDLE PAIKPARA",MIRPUR,DHAKA,1707115040,DO MIRPUR,DO,DHAKA,FALSE,,1BG00010,1BF00010,1BM00010
,__export__.education_admission_register_1,Father,7351,11,B,ISRAT JAHAN AMBIA,ইসরাত জাহান আম্বিয়া,MD. NURUL HAQUE KHAN,মোঃ নুরুল হক খান,MD. NURUL HAQUE KHAN,YEASMIN HAQUE KHAN MONI,ইয়াসমিন হক খান মনি,2011-06-01,Internal,"2/1, A/2, TOLER BAG",MIRPUR,DHAKA,1979244853,DO B.D. SHARIF,DARUS SALAM,DHAKA,FALSE,,1BG00011,1BF00011,1BM00011
,__export__.education_admission_register_1,Father,7261,12,B,TASNIA ISLAM,তাসনিয়া ইসলাম,MD. RAFIQUL ISLAM,মোঃ রফিকুল ইসলাম,MD. RAFIQUL ISLAM,TANJILA AKHTER,তানজিলা আখতার,2011-12-23,Internal,"20/15, TOLER BAG",MIRPUR,DHAKA,1752767178,PARPUGI SHIPGONJ,THAKURGOAN,DO,FALSE,,1BG00012,1BF00012,1BM00012
,__export__.education_admission_register_1,Father,7246,13,B,NORA NAWAR KHAN,নোরা নাওয়ার খান,ZAHIDUL HAQUE KHAN,জাহিদুল হক খান,ZAHIDUL HAQUE KHAN,TAHMINA ANZUM,তাহমিনা আনজুম,2011-10-11,Internal,"27, EAST AHMED NAGAR",MIRPUR,DHAKA,1714041017,PANTHA NIBASH SOUTH SABUJ BAG,PATUAKHALI,DO,FALSE,,1BG00013,1BF00013,1BM00013
,__export__.education_admission_register_1,Father,7273,14,B,AFIZA ANJUM MEGHLA,আফিজা আঞ্জুম মেঘলা,MOHIUDDIN,মহিউদ্দিন,MOHIUDDIN,JHOSNA AKTER,জোসনা আক্তার,2011-10-18,Internal,"282/6, 1ST COLONI MAZER ROAD",MIRPUR,DHAKA,1717109778,GALIM PUR DO,NOBAB GONJ,DHAKA,FALSE,,1BG00014,1BF00014,1BM00014
,__export__.education_admission_register_1,Father,7252,15,B,ORPA AKTER TORSHA,অর্পা আকতার তর্সা,MD. KALAM BEPARY,মোঃ কলাম বেপারী,MD. KALAM BEPARY,FARHANA AKTER,ফারহানা আক্তার,2011-02-17,Internal,"121/A, SHAH ALI BAGH",MIRPUR,DHAKA,1924086715,DO MIRPUR,DO,DHAKA,FALSE,,1BG00015,1BF00015,1BM00015
,__export__.education_admission_register_1,Father,7272,16,B,ISHRAT JAHAN EVA,ইশরাত জাহান ইভা,MOHAMMAD HOSSEN,মাহমুদ হোসেন,MOHAMMAD HOSSEN,KHADIZA AKTAR,খাদিজা আক্তার,2011-09-18,Internal,"24 KHA, ROAD-3, BLOCK-KHA, NORTH BISHIL",MIRPUR,DHAKA,1928704177,DO MIRPUR,SHAH ALI,DHAKA,FALSE,,1BG00016,1BF00016,1BM00016
,__export__.education_admission_register_1,Father,7276,17,B,TASMIA JANNAT USHMI,তাসমিয়া জান্নাত উসমি,MD. AZAD SHIKDER,মোঃ আজাদ শিকদার ,MD. AZAD SHIKDER,MAKSUDA SHIKDER,মাকসুদ শিকদার,2011-09-02,Internal,"351/1/E/I, AHMED NAGAR PAIKPARA",MIRPUR,DHAKA,1951669861,DO MIRPUR,DO,DHAKA,FALSE,,1BG00017,1BF00017,1BM00017
,__export__.education_admission_register_1,Father,7308,18,B,SUMIA TABASSUM SAMIA,সুমিয় তবসসুম সামিয়া,MD. SHAWKAT HOSSEN,মোঃ শাওকাত হোসেন,MD. SHAWKAT HOSSEN,ROZINA AKTER,রোজিনা আক্তার,2010-12-31,Internal,"B-9/1, DHAKA SHIKSHA BOARD STAFF QUERTER",MIRPUR,DHAKA,1234567890,DHULPUKURIA BOALMARI,DO,FARID PUR,FALSE,,1BG00018,1BF00018,1BM00018
,__export__.education_admission_register_1,Father,7319,19,B,TASFIYAH BEBA,তাসফিয়া বেবা,MD. BAHAUDDIN,মোঃ বাহাউদ্দিন,MD. BAHAUDDIN,MST. RUMA AKTER,মোসাঃ রুমা আক্তার,2011-07-17,Internal,"2/11, TOLER BAG",MIRPUR,DHAKA,1983711813,CHAPITOLA DO,MURADNAGAR,COMILLA,FALSE,,1BG00019,1BF00019,1BM00019
,__export__.education_admission_register_1,Father,7268,20,B,SAIF KHAN,সাইফ খান,FEROJ AHMED KHAN,ফরেজ আহমেদ খান,FEROJ AHMED KHAN,KHUSHI BEGUM,খুশি বেগম,2011-09-28,Internal,"138/A, SOUTH BISHIL, ROAD NO-10",MIRPUR,DHAKA,1552339306,GOWHER DHANGA KHADEMUL ISLAM,TUNGI PARA,GOPAL GONJ,FALSE,,1BG00020,1BF00020,1BM00020
,__export__.education_admission_register_1,Father,7302,21,B,SAMIN ASHRAF,সামিন আশরাফ,MD. GOLAM RASUL,মোঃ গোলাম রসুল,MD. GOLAM RASUL,ISHRAT JAHAN LOPA,ইশরাত জাহান লোপা,2011-08-19,Internal,"52/6/C, AHMED NAGAR",MIRPUR,DHAKA,1713067024,PUKHURIA UDOYKATI,PIROJPUR,DO,FALSE,,1BG00021,1BF00021,1BM00021
,__export__.education_admission_register_1,Father,7281,22,B,RAHIMA HOSSEN RIDHI,রহিমা হোসেন হৃদী,RASHEDUL HOSSEN,রাশেদুল হোসেন,RASHEDUL HOSSEN,DALIA HOSSEN,ডালিয়া হোসেন,2011-02-04,Internal,"48/11, SOUTH BISHIL",MIRPUR,DHAKA,1710881401,DO B.D. SHARIF,DARUS SALAM,DHAKA,FALSE,,1BG00022,1BF00022,1BM00022
,__export__.education_admission_register_1,Father,7310,23,B,NAJAT AZMOL SRAYA,নাজাত আজমল শ্রায়া,MD. AZMOL HOSSIN,মোঃ আজমল হোসেন,MD. AZMOL HOSSIN,MUSLIMA KHATUN,মুসলিমা খাতুন,2011-07-11,Internal,"8/D, 1ST COLONI, MAZER ROAD, GABTOLI",MIRPUR,DHAKA,1947948115,DO B.D. SHARIF,DARUS SALAM,DHAKA,FALSE,,1BG00023,1BF00023,1BM00023
,__export__.education_admission_register_1,Father,7320,24,B,KHALID HOSSAIN,খালিদ হোসাইন,MD. JAKIR HOSSAIN,মোঃ জাকির হোসেন,MD. JAKIR HOSSAIN,SHAMIMA AKTER,শামীমা আক্তার,2011-11-27,Internal,"B-8/4, DHAKA SHIKSHA BOARD STAFF QUERTER",MIRPUR,DHAKA,1717715658,BALLOB PUR RATONDIA,KALUKHALI,RAJBARI,FALSE,,1BG00024,1BF00024,1BM00024
,__export__.education_admission_register_1,Father,7347,25,B,NAVID ALAM TURJO,নাভিদ আলম তুরজো,MD. NOO-RE-ALAM,মোঃ নূরে আলম,MD. NOO-RE-ALAM,M.S. JEASMIN ALAM,এম.এস. জেসমিন আলম,2011-07-27,Internal,"ROAD-1, HOUSE NO-2, DEP. ING, OFFICE",MIRPUR,DHAKA,1682605384,ISHAPUR KALIHATI,DO,TANGAIL,FALSE,,1BG00025,1BF00025,1BM00025
,__export__.education_admission_register_1,Father,7353,26,B,ABU OSMAN MUSTUFA AZAD,আবু ওসমান মুসতুফা আজাদ,ABUL KALAM AZAD,আবুল কালাম আজাদ,ABUL KALAM AZAD,SHEIKH SULTANA HAQUE,শেখ সুলতানা হক,2011-08-31,Internal,"343/1/A, AHMED NAGAR",MIRPUR,DHAKA,1914117081,ADOMPUR BATAL,KOTIADI,KISHOREGONJ,FALSE,,1BG00026,1BF00026,1BM00026
,__export__.education_admission_register_1,Father,7350,27,B,NAIMUL RAHMAN EFTI,নাঈমুল রহমান ইফতি,SHAHIDUR RAHMAN,শাহীদুর রহমান,SHAHIDUR RAHMAN,NAZMA RAHMAN,নাজমা রহমান,2011-07-29,Internal,"78/7, SOUTH BISHIL",MIRPUR,DHAKA,1776356041,DO B.D. SHARIF,DARUS SALAM,DHAKA,FALSE,,1BG00027,1BF00027,1BM00027
,__export__.education_admission_register_1,Father,7303,28,B,ASFIA AYAT,আশফিয়া আয়াত,MD. ASRAFUL ISLAM,মোঃ আশরাফুল ইসলাম,MD. ASRAFUL ISLAM,MST. SAKILA SULTANA,মোসাঃ সাকিলা সুলতানা,2011-11-30,Internal,"HOUSE NO-333, ROAD NO-10, SOUTH PAIKPARA",MIRPUR,DHAKA,1712339976,KHADDO BOALIA JANADDN BATI,ATRAI,NOGOAN,FALSE,,1BG00028,1BF00028,1BM00028
,__export__.education_admission_register_1,Father,7251,29,B,DIP SUTRA DHAR,ডিপ সূত্র ধর,AMAL KANTI SUTRA DHAR,আমল কান্তি সূত্র ধর,AMAL KANTI SUTRA DHAR,MITU RANI,মিতু রানী,2011-12-04,Internal,"5/4, ROAD NO-02, KALLANPUR",MIRPUR,DHAKA,1712524564,CHAKRATA KANAI BARUKA BAZER,FULBARIA,MYMENSINGH,FALSE,,1BG00029,1BF00029,1BM00029
,__export__.education_admission_register_1,Father,7309,30,B,MARIA AFRIN,মারিয়া আফরিন,MD. MILON MIAH,মোঃ মিলন মিয়া,MD. MILON MIAH,MOST. HALIMA BEGUM,মোসাঃ হালিমা বেগম,2011-05-28,Internal,"24/22, PAIKPARA GOVT. STAFF QUERTER",MIRPUR,DHAKA,1830584906,KALENGA KALENGA BAZAR,NANDAIL,MYMENSINGH,FALSE,,1BG00030,1BF00030,1BM00030
,__export__.education_admission_register_1,Father,7289,31,B,FATEMA-TUJ-JOHRA,ফাতেমা-তুজ-জোহরা,MOHAMMAD GOLAM SORWAR,মোহাম্মদ গোলাম সারওয়ার,MOHAMMAD GOLAM SORWAR,RABAKA SORWAR,রেবেকা সারয়ার,2011-03-27,Internal,"B-6/1, DHAKA SHIKSHA BOARD STAFF QUERTER",MIRPUR,DHAKA,1714622266,BALLOB PUR RATANDIA,KALUKHALI,RAJBARI,FALSE,,1BG00031,1BF00031,1BM00031
,__export__.education_admission_register_1,Father,7443,32,B,MD. ABDUR RAHMAN SHOPNO,মোঃ আব্দুর রহমান খান,ALOM,আলম,ALOM,SHILPI BEGUM,শিল্পি বেগম,2011-10-08,Internal,"6/B/1, SOUTH BISHIL",MIRPUR,DHAKA,1921253492,JAMIRTOLI MANDARI BAZAER,LAXMIPUR,DO,FALSE,,1BG00032,1BF00032,1BM00032
,__export__.education_admission_register_1,Father,7343,33,B,MAISHARA EBNAT SAHABI,মাউশারা ইবনেট সাহাŸী,ABDUL MOZID,আবদুল মজিদ,ABDUL MOZID,RAHIMA AKTER,রহিমা আক্তার,2011-05-16,Internal,"HOUSE NO-32, ROAD NO-8, SOUTH BISHIL",MIRPUR,DHAKA,1814466611,DO B.D. SHARIF,DARUS SALAM,DHAKA,FALSE,,1BG00033,1BF00033,1BM00033
,__export__.education_admission_register_1,Father,7270,34,B,MISS SADIA TASHIN MIM,মিস সাদিয়া তাসহিন মীম,MD. MAFIZUR RAHMAN,মোঃ মফিজুর রহমান,MD. MAFIZUR RAHMAN,MST. SANTA BEGUM,মোসা। সান্তা বেগম,2011-04-24,Internal,"HOUSE NO-140, FLAT NO-7-B, ROAD NO-10, SOUTH BISHI",MIRPUR,DHAKA,1732066159,KALIHATA BHARSHA KATI,UZIR PUR,BARISAL,FALSE,,1BG00034,1BF00034,1BM00034
,__export__.education_admission_register_1,Father,7328,35,B,MARZAN RAHMAN SABA,মারজান রাহমান সাবা,TINKU ABDUR RAHMAN,টিঙ্কু আবদুর রহমান,TINKU ABDUR RAHMAN,FERDOUSI AKTER,ফেরদৌসী আকতার,2011-11-05,Internal,"29-A/A, 2ND COLONI MAZER ROAD",MIRPUR,DHAKA,1552634148,DO B.D. SARIF,DARUS SALAM,DHAKA,FALSE,,1BG00035,1BF00035,1BM00035
,__export__.education_admission_register_1,Father,7332,36,B,MD. MUCHA EIBRAHIM THASIN,মোঃ মুছা ইব্রাহিম থাসিন,MD. MAHAMUDUL HASAN MAMUN,মোঃ মাহমুদুল হাসান মামুন,MD. MAHAMUDUL HASAN MAMUN,MOST. MUNNI AKTAR,মোসাঃ মুন্নি আক্তার,2011-01-06,Internal,"3/5, SOUTH BISHIL",MIRPUR,DHAKA,1753789498,WEST PANGSHA RAHMOT PUR,BIMAN BANDAR,BARISAL,FALSE,,1BG00036,1BF00036,1BM00036
,__export__.education_admission_register_1,Father,7451,37,B,MAHMINA MOLLICK LABIBA,মাহমিনা মোল্লিক লাবিবা,MOHAMMAD ABU TALEB,মোহাম্মদ আবু তালেব,MOHAMMAD ABU TALEB,EITY AKTER,ইতি আক্তার,2011-07-06,Internal,"84/1, KALLAN PUR NUTUN BAZER",MIRPUR,DHAKA,1712240933,"65/C, KAZI KANDA RAJBARI",SADAR,RAJBARI,FALSE,,1BG00037,1BF00037,1BM00037
,__export__.education_admission_register_1,Father,7341,38,B,MOST. TASFIA MONOWARA ZULFA,মোসাঃ তাসফিয়া মানোয়ারা জুলফা,MD. ARIFUR RAHMAN,মোঃ আরিফুর রহমান,MD. ARIFUR RAHMAN,MOST. SIMA AKTER,মোসাঃ সিমা আক্তার,2011-10-17,Internal,"HOLDING NO-36/2, GOWDER TAKE, GABTOLI",MIRPUR,DHAKA,1747428834,KUBSHA JORGASA,BOGURA SADAR,BOGURA,FALSE,,1BG00038,1BF00038,1BM00038
,__export__.education_admission_register_1,Father,7257,39,B,MORIUM HASSAN,মরিয়ম হাসান,RANA HASAN,রানা হাসান,RANA HASAN,KHADIZA HASSAN,খাদিজা হাসান,2011-10-14,Internal,"A/20, PRIANGON, MAZER ROAD",MIRPUR,DHAKA,1937391936,JOYPARA DO,DOHER,DHAKIA,FALSE,,1BG00039,1BF00039,1BM00039
,__export__.education_admission_register_1,Father,7450,40,B,RUPANTI HOSSAIN MAYISHA,রুপান্তি হোসেন মাইশা,MD. GOLZAR HOSSAIN,মোঃ গুলজার হোসেন,MD. GOLZAR HOSSAIN,RUMA HOSSAIN RUBI,রুমা হোসেন রুবি,2011-06-30,Internal,"73/10, WAK-UP GOVT. COLONI",MIRPUR,DHAKA,1234567890,SREE NIBASHDI DO,ARI HAZER,NARAON GONJ,FALSE,,1BG00040,1BF00040,1BM00040
,__export__.education_admission_register_1,Father,7279,41,B,MD. TAJRIAN AHMED,মোঃ তাজরিয়ান আহমেদ,MD. FORRUKH AHMED,মোঃ ফররুখ আহমেদ,MD. FORRUKH AHMED,TANIA SULTANA,তানিয়া সুলতানা,2012-01-01,Internal,"333/KHA, AKOTA ROAD, AHMED NAGAR PAIKPARA",MIRPUR,DHAKA,1713424955,MAYADHOR PUR BANIAKANDOR,JINAIDAH,DO,FALSE,,1BG00041,1BF00041,1BM00041
,__export__.education_admission_register_1,Father,7517,42,B,ARSHADUL HOQUE,আরশাদুল হক,required name,প্রয়োজনীয় নাম,required name,required name,প্রয়োজনীয় নাম,2011-11-25,Internal,,MIRPUR,DHAKA,1234567890, ,,,FALSE,,1BG00042,1BF00042,1BM00042
,__export__.education_admission_register_1,Father,7520,43,B,MD. RIFAT HOSSAIN,মোঃ রিফাত হোসেন,required name,প্রয়োজনীয় নাম,required name,required name,প্রয়োজনীয় নাম,2011-10-22,Internal,,MIRPUR,DHAKA,1234567890, ,,,FALSE,,1BG00043,1BF00043,1BM00043
,__export__.education_admission_register_1,Father,7570,44,B,S.M. ALIF,এস.এম. আলিফ,MD. GOLAM FARUK,মোঃ গোলাম ফারুক,MD. GOLAM FARUK,JOSNA SHARMEEN,জোসনা শারমিন,2011-09-29,Internal,"73/4, WAK-UP COLONI, ANSWER CAMP",MIRPUR,DHAKA,1726427395,HOGLA BUNIA TARA BUNIA,NAJIR PUR,PIROJPUR,FALSE,,1BG00044,1BF00044,1BM00044
