id,name,model_id:id,group_id:id,perm_read,perm_write,perm_create,perm_unlink
access_education_exam_results,access.education.exam.results,education_exam.model_education_exam_results,education_core.group_education_faculty,1,1,1,0
access_results_subject_line,access.results.subject.line,education_exam.model_results_subject_line,education_core.group_education_faculty,1,1,1,0
access_education_exam_valuation,access.education.exam.valuation,education_exam.model_education_exam_valuation,education_core.group_education_faculty,1,1,1,0
access_exam_valuation_line,access.exam.valuation.line,education_exam.model_exam_valuation_line,education_core.group_education_faculty,1,1,1,0
access_education_exam,access.education.exam,education_exam.model_education_exam,education_core.group_education_faculty,1,1,1,0
access_exam_subject_line,access.exam.subject.line,education_exam.model_exam_subject_line,education_core.group_education_faculty,1,1,1,0
access_education_exam_type,access.education.exam.type,education_exam.model_education_exam_type,education_core.group_education_faculty,1,1,1,0
